n_test,r2,rmse,calib_intercept,calib_slope,coverage,q_log,multiplicative_half_width,median_interval_width_kwh,n_fit,n_cal,n_fit_groups,n_cal_groups,n_test_groups,setting,split
43,0.8288833070414119,0.37834774262091014,-0.266479656516114,0.9481440103785425,0.8372093023255814,0.5987921421689526,1.8199192685566454,0.02396571374728563,64,24,37,10,21,bert,0
46,0.8857035312899098,0.3333556234349901,-0.10416710998382021,0.9665857069797884,0.9565217391304348,0.5750619836572359,1.777240683377397,0.021850730413783513,74,11,37,10,21,bert,1
42,0.8282118043455302,0.39636623066431304,-0.0469414592857048,0.992772141257169,0.9523809523809523,0.7669099917306763,2.153102858476141,0.02721588023189632,63,26,37,10,21,bert,2
43,0.8471552481619471,0.3681152041218013,-0.17159991561512264,0.9735821762294499,1.0,0.7009052390829256,2.0155764604663298,0.020165129445143558,71,17,37,10,21,bert,3
45,0.8752475067914139,0.3582765278086807,0.14163764029518477,1.0505532065927061,0.9111111111111111,0.5973101119819662,1.8172240909233826,0.01946988029132214,68,18,37,10,21,bert,4
41,0.9081927599314574,0.29375548314801525,-0.1830603411777809,0.9701033064348336,0.975609756097561,0.6075699884787951,1.8359645587130666,0.020056281672004912,71,19,37,10,21,bert,5
44,0.9065226059097875,0.3068008306344004,0.08780005596499199,1.0280370399439418,1.0,1.2376356466280867,3.4474528245354654,0.052399277930388594,67,20,37,10,21,bert,6
38,0.6952128474326917,0.42513517451978283,-0.4800378940087192,0.8482170627615917,0.8947368421052632,0.6947212100704392,2.0031505378903214,0.021321940192382267,73,20,37,10,21,bert,7
52,0.82333718199586,0.45923037143057777,-0.13483676829960942,0.9336215639052966,0.8076923076923077,0.5065165778149066,1.6595003744446675,0.01569411856356963,57,22,37,10,21,bert,8
48,0.8916227500368549,0.3215188037116997,0.0676871381384965,1.0321605325075744,0.9791666666666666,0.6385403079139769,1.893714620608272,0.018673695456307114,72,11,37,10,21,bert,9
40,0.8312518782643767,0.3532429865827575,-0.3559884119906516,0.9181650160479967,0.975,0.7569247388449649,2.1317105634266724,0.02480588596720632,74,17,37,10,21,bert,10
38,0.861466070211042,0.36170132089578394,-0.19814853139548863,0.9318321678755728,0.9210526315789473,0.5711553770357609,1.7703112472591118,0.014077573415023133,74,19,37,10,21,bert,11
33,0.80124273214655,0.43625818968405894,-0.2298653319504498,0.9197026789088354,0.7272727272727273,0.5003808010572657,1.6493492250584008,0.011771449139864273,72,26,37,10,21,bert,12
41,0.8577694530730504,0.3787662949685663,0.2608900449202986,1.0684252254633573,0.975609756097561,0.7001769919643097,2.014109157061232,0.02254811681211419,73,17,37,10,21,bert,13
42,0.8772715022115624,0.4042417187630698,-0.0043090147204168094,0.9628546971771365,0.9523809523809523,0.7859977583441906,2.1945955247095905,0.023774143224628043,74,15,37,10,21,bert,14
45,0.8923211992940867,0.3467950903038079,-0.05902899024886923,0.9865082129887554,0.8888888888888888,0.5780930217416511,1.782635739754108,0.02037692379493121,70,16,37,10,21,bert,15
47,0.9013856872085245,0.3167600442664268,-0.18254480873787107,0.9623615547002747,1.0,0.5923846566592541,1.8082954417343469,0.021962643852311496,64,20,37,10,21,bert,16
40,0.8685696148221622,0.3813480128631547,0.1615915582081448,1.0254223906597595,0.875,0.5650603073449436,1.7595538935457569,0.023715165081137628,67,24,37,10,21,bert,17
38,0.862023349444215,0.355609006613106,0.010976648674804485,1.018140281375172,0.8421052631578947,0.48594106565191275,1.6257041835718,0.018941738974423104,77,16,37,10,21,bert,18
33,0.8680669674521856,0.3992260802293421,0.5638702767227874,1.0863617138948058,0.8787878787878788,0.6629769253803373,1.9405606484683278,0.019570581874632308,72,26,37,10,21,bert,19
172,0.8495702668281697,0.37871798216154995,-0.12248991876948277,0.9884648564409692,0.9651162790697675,0.6825018708359414,1.9788223021208793,0.017574614040781707,305,85,99,25,54,gpt,0
163,0.8369410236688808,0.38261076496447327,-0.20678006076997227,0.946991639872985,0.9386503067484663,0.6955395349209978,2.0047904366483262,0.016900894867023623,322,77,99,25,54,gpt,1
166,0.8310204632329268,0.40253807657969526,0.4690417399942141,1.08467869629763,0.9457831325301205,0.7491883747412493,2.11528250300941,0.01675173385945104,309,87,99,25,54,gpt,2
167,0.8291160193964058,0.38915958050893434,0.1316799589318374,1.036480472569987,0.9640718562874252,0.710035506905458,2.0340634806642566,0.014630712397429291,316,79,99,25,54,gpt,3
175,0.8535216500585846,0.3506374638654657,-0.45373928014377785,0.9113685848874462,0.9942857142857143,0.7864279613494713,2.1955398494107943,0.017659681059770935,307,80,99,25,54,gpt,4
161,0.8506861137170161,0.38326343574855504,0.4381897277184409,1.0909354853893538,0.9751552795031055,0.9040845391489727,2.4696700016637205,0.019176514160809333,319,82,99,25,54,gpt,5
177,0.7843267111708075,0.40753270021565846,-0.46902622993397186,0.9178880626420893,0.9774011299435028,0.8558246716671096,2.353314292190461,0.021307177451140465,311,74,99,25,54,gpt,6
172,0.8411421476560655,0.38300476910672265,-0.18887467511899744,0.9529829616269648,0.9069767441860465,0.5978175647821224,1.8181464803915988,0.012809239600210812,311,79,99,25,54,gpt,7
163,0.8328002929380596,0.3782838100642079,-0.14885122871828796,0.9777221035969542,0.9754601226993865,0.8281096437461262,2.2889876457869085,0.020395469515409867,323,76,99,25,54,gpt,8
171,0.824888179946449,0.40634096894307714,0.0857663708629651,1.0067986441767078,0.9707602339181286,0.90548864841253,2.473140123836211,0.02541277836753097,313,78,99,25,54,gpt,9
169,0.8401268296725766,0.3680650564850552,-0.08160697541738357,1.0033890921698905,0.9704142011834319,0.6643885218822634,1.9433018713866412,0.01504485858688923,308,85,99,25,54,gpt,10
172,0.8445435859146911,0.3910288625108835,0.18760415445453515,1.0220127142105842,0.9069767441860465,0.6816033692767651,1.9770451257145372,0.014238379548586925,311,79,99,25,54,gpt,11
172,0.8542648059729017,0.3849088266055285,0.02029515557079404,1.0014675989692219,0.936046511627907,0.6646437226842852,1.94379786686932,0.015466573276204501,306,84,99,25,54,gpt,12
168,0.8386783672956025,0.35363176426711335,-0.17558018914086593,0.9668900725306565,1.0,1.058178357726049,2.8811178399876645,0.03473554113558125,313,81,99,25,54,gpt,13
169,0.8408980107128929,0.3768280852311684,0.06241348853325267,1.0225979071120799,0.9763313609467456,0.7384392463876082,2.0926668270401834,0.017488518826258792,314,79,99,25,54,gpt,14
170,0.8097048909195297,0.38772680845726926,-0.4485731007097496,0.9132438026370733,0.9941176470588236,0.9038572780249119,2.469108805454539,0.027134565676693454,310,82,99,25,54,gpt,15
176,0.8338509167905983,0.38761868927251647,-0.4173024554574337,0.9233787537857364,0.9602272727272727,0.6581468088250437,1.9312101146167977,0.014627705659270103,304,82,99,25,54,gpt,16
175,0.8120530048998226,0.38538717794017685,0.17110057346382893,1.03811007357334,0.9314285714285714,0.671686087295126,1.9575351147570375,0.018500153049031683,308,79,99,25,54,gpt,17
172,0.8427938026716025,0.38214472952912193,0.026467268185322006,1.0079153477549605,0.9709302325581395,0.8523649755051688,2.3451866075326606,0.01858097775164698,307,83,99,25,54,gpt,18
170,0.8136926046281212,0.40534416110654126,-0.03470119368815089,0.9875410333972792,0.9235294117647059,0.6574336087416599,1.9298332664444986,0.01682775530066779,309,83,99,25,54,gpt,19
203,0.8327166208321677,0.3724826756281214,-0.21257462639120991,0.956502101995975,0.9605911330049262,0.7136709295878139,2.0414716188770496,0.02026081339206256,353,99,137,35,74,pooled,0
172,0.8343387900944957,0.36940141078559535,-0.041017875009816844,0.9759737997626827,0.9767441860465116,0.8149352130469096,2.2590293119825664,0.016760906799635454,393,90,137,35,74,pooled,1
188,0.8396036426463451,0.37593174846728905,0.23969906909295277,1.0416533812015982,0.9308510638297872,0.6312349948426177,1.8799308511131534,0.012968354386032119,379,88,137,35,74,pooled,2
194,0.7971316758056382,0.4098182796252931,0.10838371997289782,1.013400332575354,0.9123711340206185,0.6491266681186891,1.9138686564250638,0.016080900344674062,378,83,137,35,74,pooled,3
209,0.8315640050586314,0.3870860994738371,0.17354900052483582,1.0326324312650834,0.9138755980861244,0.6349486565134601,1.8869252576500148,0.01802061701710596,355,91,137,35,74,pooled,4
190,0.8274879015986721,0.4131020691709133,0.5382698311470502,1.0967110657489625,0.9368421052631579,0.76680350448299,2.152873592685914,0.016219040585020925,369,96,137,35,74,pooled,5
200,0.8005115339271831,0.3881910271109285,-0.2014919547149004,0.9789387734239793,0.99,0.8558618809333902,2.3534018589177377,0.022099073353416064,365,90,137,35,74,pooled,6
183,0.8222606347823381,0.377344511253507,0.2372808610234144,1.057265237171082,0.9508196721311475,0.6610070339888168,1.9367417174268162,0.01618887365879585,373,99,137,35,74,pooled,7
200,0.8150156801920909,0.40347265661792014,0.010071929746927354,1.005861681058755,0.94,0.6576069961402777,1.9301679042244821,0.015275534956939441,357,98,137,35,74,pooled,8
209,0.8186499303510137,0.3819208124567089,-0.334315245479962,0.9455677128980879,0.937799043062201,0.6421619457886902,1.9005854034359106,0.01581580842902414,347,99,137,35,74,pooled,9
199,0.84334329771612,0.38322275625402125,-0.06218117821868955,0.9937786028688024,0.9597989949748744,0.7284252113761562,2.071815366047088,0.017907336133069735,365,91,137,35,74,pooled,10
207,0.8367075155398136,0.38068579534282065,-0.08569667458435726,0.9905889709447695,0.9565217391304348,0.7000909423701853,2.013935851242299,0.017202874096731262,361,87,137,35,74,pooled,11
199,0.8547459919889777,0.3579724472770441,-0.00439158562112158,0.9965891753363059,0.9547738693467337,0.6509403187411191,1.917342895080262,0.015862406839007446,366,90,137,35,74,pooled,12
201,0.8419592972997303,0.39325603063204945,0.09252670321709688,1.0042600841933813,0.9203980099502488,0.6311077942296262,1.8796917379645022,0.014624942089343517,352,102,137,35,74,pooled,13
195,0.8203083885549745,0.40605698896705245,0.32396992212473924,1.0628039414366393,0.9538461538461539,0.8460333638011117,2.330384705956637,0.019816555375186385,373,87,137,35,74,pooled,14
209,0.7915880919458284,0.4122468052261689,-0.5730556052259879,0.8873583553197707,0.9808612440191388,0.899827801404796,2.45917960742087,0.02522931919050804,348,98,137,35,74,pooled,15
187,0.8013108040037125,0.3819803440719007,-0.07931673284986702,0.9767257787569462,0.9090909090909091,0.6297494199042966,1.8771401463687187,0.017942836299250003,369,99,137,35,74,pooled,16
205,0.8342153283113423,0.37431742312601474,-0.1566014109035918,0.976160228060612,0.9414634146341463,0.6234256513182874,1.8653070009501906,0.015157570705815008,351,99,137,35,74,pooled,17
186,0.8283242247329388,0.3852774210651284,0.5097636435250412,1.0901416563540194,0.9354838709677419,0.649903252096057,1.9153555134183642,0.01487041988958895,374,95,137,35,74,pooled,18
208,0.8270853622194989,0.372703287478091,0.22980661099313443,1.0575251468371851,0.9663461538461539,0.7468794743734919,2.110404160430999,0.01938358051656655,355,92,137,35,74,pooled,19
