setting,split,feature,importance_r2_drop,importance_std
bert,0,log_C,0.7818686040696935,0.1329433409202693
bert,0,log_M,0.9493307014409957,0.1690366296335572
bert,0,gpus,0.14908439532614093,0.023510207218082748
bert,0,strategy,1.3364178010028038,0.16861797495303182
bert,1,log_C,0.6735444510306953,0.10850016081941477
bert,1,log_M,0.7497234286826623,0.13748970985270242
bert,1,gpus,0.10712401514005034,0.02169681141564407
bert,1,strategy,1.1193416235535978,0.17164340470067746
bert,2,log_C,0.7070415053044088,0.11808522333159611
bert,2,log_M,0.45507940613009734,0.09720196084546269
bert,2,gpus,0.1549525985302513,0.042868228363076
bert,2,strategy,1.1770270768515394,0.22103764510583387
bert,3,log_C,0.9596021279127681,0.1771384765871164
bert,3,log_M,0.9453718737885887,0.20129865845081377
bert,3,gpus,0.14970029662574977,0.025852863754261796
bert,3,strategy,1.3520795253161366,0.19881272805308764
bert,4,log_C,1.6594231700908852,0.3080214253441854
bert,4,log_M,1.6842439724196974,0.2877123295138919
bert,4,gpus,0.1657053608152364,0.041197961928098235
bert,4,strategy,1.4858716690264153,0.2844443990672494
bert,5,log_C,1.1471892937332475,0.15440596182161612
bert,5,log_M,0.8573060094567939,0.1492409120653051
bert,5,gpus,0.16661057970147217,0.03131100171563716
bert,5,strategy,1.2518313371136478,0.21998261984795275
bert,6,log_C,0.7998998359063244,0.18187585286848773
bert,6,log_M,0.9453503535389418,0.17399281997264782
bert,6,gpus,0.12487851978636541,0.03030562979122784
bert,6,strategy,1.238428923490043,0.17516910429263977
bert,7,log_C,0.6502815890473226,0.11416293330978182
bert,7,log_M,0.8151673920987133,0.17896241546120475
bert,7,gpus,0.07291585580423901,0.023537301440599498
bert,7,strategy,1.0004212618372519,0.18810185230769988
bert,8,log_C,0.7269171719186805,0.10539107022534985
bert,8,log_M,0.8362450488187139,0.1358385088109889
bert,8,gpus,0.09901058591628888,0.0235426706415498
bert,8,strategy,1.225081277953006,0.20776535774071753
bert,9,log_C,0.7766971731491678,0.10992885016614569
bert,9,log_M,0.7514165085507795,0.12124274715209106
bert,9,gpus,0.14130924182405172,0.02850592332314575
bert,9,strategy,1.3086593743162795,0.22226656837214764
bert,10,log_C,0.6559100997268712,0.11192367089477466
bert,10,log_M,0.6302185871073214,0.09927647569635202
bert,10,gpus,0.1299936472313893,0.03650904731879204
bert,10,strategy,1.2299170795254224,0.20864432200789695
bert,11,log_C,0.5904796372746017,0.12696598071378734
bert,11,log_M,0.5967108076421535,0.09146084125347495
bert,11,gpus,0.12453409867061377,0.03471755617760492
bert,11,strategy,1.2404181955570952,0.26251501472360783
bert,12,log_C,0.306028970438802,0.06332223672489216
bert,12,log_M,0.35051055387558877,0.0523700881824767
bert,12,gpus,0.10056008197400305,0.022274994475267484
bert,12,strategy,1.1414552027741252,0.1574277221133209
bert,13,log_C,0.7986511672365579,0.105962765222173
bert,13,log_M,0.9603448665060416,0.1539629905709428
bert,13,gpus,0.11061589116359541,0.024109913635093204
bert,13,strategy,1.2018593825604194,0.21463174650003503
bert,14,log_C,0.45373686382957756,0.05421585707601641
bert,14,log_M,0.23182318312954334,0.041369493872401526
bert,14,gpus,0.123957318435037,0.027069067778193675
bert,14,strategy,1.2417988483126894,0.19632157836157343
bert,15,log_C,1.220748816892463,0.16641126540480725
bert,15,log_M,1.2012827254373823,0.17089370116278083
bert,15,gpus,0.11357305876283605,0.018828720544508702
bert,15,strategy,1.3045898268373903,0.2507136010433147
bert,16,log_C,0.9257313620672971,0.15508635731187426
bert,16,log_M,1.1412647876562299,0.19126339669977796
bert,16,gpus,0.11360485284666912,0.03715099589919789
bert,16,strategy,1.1318897153418341,0.25745827257355275
bert,17,log_C,0.4514988156077236,0.08820189956673608
bert,17,log_M,0.651270011516204,0.10884635998057196
bert,17,gpus,0.15271982870502587,0.03242531790516001
bert,17,strategy,1.3737724234957824,0.2476790973800565
bert,18,log_C,0.6899361512711951,0.09706504869349125
bert,18,log_M,0.7431515017054624,0.13204289498174965
bert,18,gpus,0.12575744996578955,0.019624926279398238
bert,18,strategy,1.1934120648393542,0.21750405782451945
bert,19,log_C,1.0832854264227287,0.15768370182273517
bert,19,log_M,0.9368876093320471,0.14561384152285126
bert,19,gpus,0.13188695018841234,0.029994355914595604
bert,19,strategy,1.4398208921290907,0.20605634575739012
gpt,0,log_C,0.5013988407982072,0.04325925476205996
gpt,0,log_M,0.5963362965448639,0.0524939598685237
gpt,0,gpus,0.1990444202488052,0.021684595339261814
gpt,0,strategy,0.6646354304350759,0.0668712611695502
gpt,1,log_C,0.6625528817639234,0.046679729176770116
gpt,1,log_M,0.6659550505524858,0.0666093070609425
gpt,1,gpus,0.19046012788978864,0.02159334728478003
gpt,1,strategy,0.6624386909746858,0.0565343338842278
gpt,2,log_C,0.7229161079618792,0.04680743075579214
gpt,2,log_M,0.81343149182075,0.05531525878462138
gpt,2,gpus,0.17992803084460868,0.017171590664864823
gpt,2,strategy,0.6740941828577007,0.056190075245557455
gpt,3,log_C,0.9526624659519154,0.07387717236264414
gpt,3,log_M,1.0102248667517666,0.06736827098202577
gpt,3,gpus,0.18785982867147627,0.02010389819052069
gpt,3,strategy,0.6606856277289993,0.058161458279093255
gpt,4,log_C,0.6895810257171591,0.05026855979660112
gpt,4,log_M,0.831136821419152,0.0692578814259435
gpt,4,gpus,0.19450275563529915,0.02000598768850864
gpt,4,strategy,0.6488197531495569,0.06179260033883455
gpt,5,log_C,0.7088904511745137,0.05589822739755167
gpt,5,log_M,0.7534194164471829,0.06812495845808214
gpt,5,gpus,0.1913267346071693,0.015487916072808618
gpt,5,strategy,0.6346799328381211,0.05624061026175381
gpt,6,log_C,0.613821874071085,0.05777040403527266
gpt,6,log_M,0.7722443784635985,0.07113201385532787
gpt,6,gpus,0.20379838889542168,0.019803226026346956
gpt,6,strategy,0.6851006275216044,0.05624447089838778
gpt,7,log_C,0.3372680696147044,0.026245398726731744
gpt,7,log_M,0.42499745898149516,0.047268699166891144
gpt,7,gpus,0.19432896691938634,0.01557902081791615
gpt,7,strategy,0.6592220761712418,0.05836913379533951
gpt,8,log_C,0.4844473967872405,0.04294945317604331
gpt,8,log_M,0.5828920385994051,0.047542715659908245
gpt,8,gpus,0.19419870238698542,0.016841434781508943
gpt,8,strategy,0.6418408536472292,0.04643348604019226
gpt,9,log_C,0.4443884739443464,0.03888115550723136
gpt,9,log_M,0.601919733987719,0.056656749132747895
gpt,9,gpus,0.19878403519579108,0.020137009415156934
gpt,9,strategy,0.6803775115848633,0.05671418722859494
gpt,10,log_C,0.6551525507691688,0.046959024429884005
gpt,10,log_M,0.8478803479335387,0.07323387095806001
gpt,10,gpus,0.19330728801958905,0.019351122158940432
gpt,10,strategy,0.6572128148122893,0.05728213208977926
gpt,11,log_C,0.41336484657006767,0.037950586306675235
gpt,11,log_M,0.550260140899932,0.04909537761031899
gpt,11,gpus,0.2036988676447894,0.02455255466312537
gpt,11,strategy,0.6885231547775404,0.04196434497433885
gpt,12,log_C,0.7108574532790819,0.057120543867940965
gpt,12,log_M,0.8695115970189463,0.06372949553198881
gpt,12,gpus,0.17764661482900249,0.026002092661518976
gpt,12,strategy,0.686724111194671,0.05570903038741036
gpt,13,log_C,0.6821357056659938,0.05821464149735389
gpt,13,log_M,0.8682915332628229,0.09264547658001519
gpt,13,gpus,0.18833425622741867,0.016697672533104228
gpt,13,strategy,0.6809258748712724,0.07012418335089747
gpt,14,log_C,0.7300250586943854,0.052325320961278704
gpt,14,log_M,0.8059379293858605,0.06095358693170117
gpt,14,gpus,0.1966767703697275,0.021167582289136164
gpt,14,strategy,0.6712732368555568,0.04203591364707654
gpt,15,log_C,0.5256272581521555,0.04780766851165986
gpt,15,log_M,0.6754526242086386,0.059096492001588286
gpt,15,gpus,0.18687760027884656,0.019565008741028393
gpt,15,strategy,0.6605627206938238,0.05349685031485524
gpt,16,log_C,0.7219292984762412,0.053729802957704284
gpt,16,log_M,0.7720165958397242,0.059424910016119936
gpt,16,gpus,0.18009663661914505,0.013531804261777471
gpt,16,strategy,0.6454452046485102,0.04526052230936227
gpt,17,log_C,0.6657904252005964,0.032774062360482054
gpt,17,log_M,0.7597326440577803,0.05359823569326502
gpt,17,gpus,0.1860070776996918,0.02221792050784919
gpt,17,strategy,0.6930322318836417,0.046287633337393407
gpt,18,log_C,0.5916370883816169,0.0509499832734303
gpt,18,log_M,0.659104850773521,0.0537499874911061
gpt,18,gpus,0.1937313577587614,0.02049192065274671
gpt,18,strategy,0.6556782069200902,0.0519354253452599
gpt,19,log_C,0.5397647315691905,0.034097761644399836
gpt,19,log_M,0.6566062028034548,0.05457296823873885
gpt,19,gpus,0.21348094226524297,0.01788868568149254
gpt,19,strategy,0.666248659001617,0.044893646642769285
pooled,0,log_C,1.3079115171505704,0.10272734279566392
pooled,0,log_M,1.5161099705861882,0.10480788404516522
pooled,0,gpus,0.14590240131164023,0.012735051386354711
pooled,0,strategy,0.5380249327990928,0.04334757742858237
pooled,0,arch,-9.132757748593715e-05,0.0006106909545757204
pooled,1,log_C,1.2646488910542628,0.10520246800265169
pooled,1,log_M,1.2978994198753653,0.10875027315103736
pooled,1,gpus,0.1313680468764781,0.0170912108793617
pooled,1,strategy,0.5614675994235098,0.041652418450623646
pooled,1,arch,0.00019900047468160987,0.0016234092082953705
pooled,2,log_C,1.1608239742278643,0.10065572024563037
pooled,2,log_M,1.2170042113536466,0.10091238813254716
pooled,2,gpus,0.14558462500175223,0.015502766033771966
pooled,2,strategy,0.5305592422844668,0.0465005727811231
pooled,2,arch,-5.568968285474263e-05,0.001046103418325135
pooled,3,log_C,1.1171090445862055,0.09393418350573299
pooled,3,log_M,1.421667123237996,0.1012360506455719
pooled,3,gpus,0.1339460736609009,0.014133722310028324
pooled,3,strategy,0.5228398472821332,0.038491085193803225
pooled,3,arch,0.0015344463489593803,0.0006383803869779965
pooled,4,log_C,0.886908141780184,0.06316321335967141
pooled,4,log_M,0.8627238396036693,0.06400353807932521
pooled,4,gpus,0.13497828778048213,0.01599490500480258
pooled,4,strategy,0.52874631415879,0.033351135556447226
pooled,4,arch,0.004688989079278079,0.0013876427031110149
pooled,5,log_C,1.540874401267992,0.14316071869635613
pooled,5,log_M,1.733746589174085,0.13774095615784596
pooled,5,gpus,0.12806827500212764,0.012301608287230507
pooled,5,strategy,0.570262117859599,0.0435056881019482
pooled,5,arch,0.00014589126506329522,0.0007365073387475452
pooled,6,log_C,1.0529716750913012,0.08255464304567772
pooled,6,log_M,1.1412276070743386,0.09268767594386877
pooled,6,gpus,0.12789880182597,0.015244914191026812
pooled,6,strategy,0.5114281107353458,0.049988944677838744
pooled,6,arch,0.0026763288852519884,0.0012119640250825734
pooled,7,log_C,1.088550660095023,0.0722752873359575
pooled,7,log_M,1.1692118098320927,0.08867805821775565
pooled,7,gpus,0.13175503158280266,0.011253410971731652
pooled,7,strategy,0.5379085289147343,0.03249341608095347
pooled,7,arch,0.0015419282145839874,0.0011330020392461195
pooled,8,log_C,0.9449843512937528,0.07495851346124136
pooled,8,log_M,0.9555569541027098,0.07511719497202235
pooled,8,gpus,0.14108487514195064,0.013746691402812088
pooled,8,strategy,0.5016437086614038,0.03864775720346938
pooled,8,arch,0.0019419094436751863,0.0020556610131546344
pooled,9,log_C,1.2782604106865565,0.09344166697744431
pooled,9,log_M,1.332802047718689,0.10801761000055998
pooled,9,gpus,0.14406361313395183,0.016005940833766535
pooled,9,strategy,0.5343436303246135,0.04147355032341788
pooled,9,arch,0.00218642008319068,0.0013015631752169268
pooled,10,log_C,1.1974985841101649,0.10102411868598529
pooled,10,log_M,1.3486743887133221,0.11450860276849581
pooled,10,gpus,0.1357683835663666,0.018743959088048406
pooled,10,strategy,0.5587070317616256,0.04863326874759347
pooled,10,arch,0.0005364195025860645,0.0010136366441319468
pooled,11,log_C,0.9427444015027926,0.06154106150069435
pooled,11,log_M,1.0717032698824078,0.08341979959078243
pooled,11,gpus,0.13764936156113425,0.01628176742760574
pooled,11,strategy,0.5424139125199393,0.04103422761382791
pooled,11,arch,0.0008964290130591302,0.0022443457144762703
pooled,12,log_C,1.042189185928972,0.07546388626196435
pooled,12,log_M,1.154818739307309,0.09252622218452111
pooled,12,gpus,0.1359705165838198,0.015200337092375544
pooled,12,strategy,0.5693972320224646,0.04643204447865889
pooled,12,arch,-0.0012243559375538227,0.0017135750755293995
pooled,13,log_C,1.147497325616206,0.0807001607310372
pooled,13,log_M,1.337040118096486,0.08106494974063361
pooled,13,gpus,0.13081437250350555,0.014725935881014774
pooled,13,strategy,0.5383868706716123,0.044667006267442036
pooled,13,arch,0.00029505576699685824,0.0008510729212479596
pooled,14,log_C,1.621421949259546,0.12436496372507719
pooled,14,log_M,1.8764947906391818,0.12524781312499844
pooled,14,gpus,0.13347882137541764,0.009458255436359714
pooled,14,strategy,0.5790589268593636,0.029821322799236563
pooled,14,arch,0.00017031622148875694,0.0004539658533045484
pooled,15,log_C,1.061692996241429,0.0847315246966911
pooled,15,log_M,0.9070825666327618,0.05556925203900871
pooled,15,gpus,0.13595082218317714,0.014368294725841226
pooled,15,strategy,0.5185025351686966,0.03123716335854875
pooled,15,arch,0.0006993004384514778,0.00020080442821160562
pooled,16,log_C,1.3083288116749654,0.07865319972839098
pooled,16,log_M,1.6030666474868134,0.10712777755224251
pooled,16,gpus,0.1391746511512014,0.01684419234339951
pooled,16,strategy,0.5495589325546597,0.05145777809872603
pooled,16,arch,-7.655793966236205e-06,0.0012446780017837185
pooled,17,log_C,1.2025398750353127,0.09489350609625796
pooled,17,log_M,1.2428980421870388,0.10568555501269007
pooled,17,gpus,0.13694711068281298,0.015056172478367486
pooled,17,strategy,0.5394857732339126,0.04570900008433463
pooled,17,arch,0.0008753194799778059,0.0005726895381401867
pooled,18,log_C,1.253715638840375,0.0869715800617682
pooled,18,log_M,1.1128077885209227,0.09419478690384045
pooled,18,gpus,0.12671779584336107,0.015342748693592171
pooled,18,strategy,0.5365343254186479,0.04903997618856419
pooled,18,arch,0.0009625676498217995,0.0013737074720409205
pooled,19,log_C,1.2707145436940437,0.09280035746647775
pooled,19,log_M,1.27018451970519,0.0816450459366146
pooled,19,gpus,0.1404379526870234,0.014007076030429291
pooled,19,strategy,0.5393026421817976,0.04308327402408624
pooled,19,arch,0.00396062096889089,0.0010253037975785008
