setting,model,metric,n_splits,median,q25,q75,mean,std,p025,p975
bert,configuration_only_legacy_no_strategy,r2,20,0.6102364658363587,0.5876423829223391,0.6487053405809573,0.6168969799933226,0.05568817692764634,0.5267265210522567,0.7190225111901887
bert,configuration_only_legacy_no_strategy,rmse,20,0.6143579944963518,0.5817986242212057,0.6363996871168867,0.615538281353283,0.04583239580877261,0.5421251606370587,0.6951249943413226
bert,configuration_only_legacy_no_strategy,calib_slope,20,1.0972339017951849,0.9418793713451905,1.1667318461680465,1.0552078926829447,0.17020893153199634,0.7488708148253931,1.312847858379364
bert,configuration_only_legacy_no_strategy,calib_intercept,20,0.3303428950429729,-0.19654077314743978,0.6651203474910209,0.20348662382446508,0.6746082440364726,-1.0572560841355727,1.188597274229859
bert,configuration_only_matched_features,r2,20,0.879503164381118,0.8666370961384627,0.8966915992097821,0.8806657205870131,0.017874436279539264,0.8518172228285423,0.9052453063388372
bert,configuration_only_matched_features,rmse,20,0.34588787618006195,0.32023637366517593,0.36471735769467944,0.34355278942336515,0.025451631950155578,0.3071127331971079,0.38380019761946593
bert,configuration_only_matched_features,calib_slope,20,1.0088901763366234,0.9858917580133709,1.0430832575345563,1.0142109909568455,0.06644880669280549,0.9023860157917775,1.1354583148973858
bert,configuration_only_matched_features,calib_intercept,20,0.034318095137812636,-0.07426374896020004,0.2359805461612474,0.06092977678027518,0.30829828204207305,-0.4179338735041245,0.6294448601258387
bert,eta_predictor,r2,20,0.9384513917126627,0.9314642531457171,0.9451110817142804,0.9372213017300733,0.013962658265956098,0.9085367793069306,0.9595937647357732
bert,eta_predictor,rmse,20,0.2187833790260098,0.19590322431464977,0.24306062336653506,0.21916103486235464,0.02768240545310078,0.17594629284932417,0.26464536831866314
bert,eta_predictor,calib_slope,20,1.002954323071193,0.9546600339948543,1.0205037567427524,0.9957380943966878,0.04744709311259434,0.9228738134435217,1.0793662344416926
bert,eta_predictor,calib_intercept,20,-0.014049865678242589,-0.02792535781890042,0.019677078714259152,-0.0025521310108599336,0.03993005054603326,-0.0495915792312301,0.07869765406409486
bert,measured_eta_postrun,r2,20,0.9371085859289998,0.9253046476959635,0.9476692059900945,0.9365167858522468,0.012846918051285808,0.9178720450208229,0.9532596513103722
bert,measured_eta_postrun,rmse,20,0.2532943357482744,0.22715063996025264,0.2696209967450304,0.2499182933532095,0.024061113392257076,0.20968984702467408,0.28493536241272344
bert,measured_eta_postrun,calib_slope,20,1.0102611532040542,0.9915435930067091,1.0423707218926321,1.0129216904327394,0.03689246443151847,0.9536409785755238,1.0735253568216299
bert,measured_eta_postrun,calib_intercept,20,0.09342610659794598,-0.10037680087434758,0.1678648453830417,0.0540797399003541,0.16342261530621116,-0.20528157645200112,0.3131957015169338
bert,predicted_eta_prerun,r2,20,0.8778341463345654,0.8662584283365388,0.897233480817919,0.879378673768695,0.019071719025846392,0.8486741673551649,0.9079322360385513
bert,predicted_eta_prerun,rmse,20,0.34477461932302,0.32212762126114247,0.3670215762547768,0.34524556720968047,0.02693677539901051,0.30952280411734007,0.3917752123416971
bert,predicted_eta_prerun,calib_slope,20,1.0085159762916511,0.9844627971898706,1.0536636922272953,1.0165650282048087,0.06523566328215634,0.9145966093320865,1.138153763945789
bert,predicted_eta_prerun,calib_intercept,20,0.05420938658342657,-0.10278649710351603,0.2754980684414466,0.06857123290674658,0.30887733032052594,-0.4061928502026464,0.644150727589947
gpt,configuration_only_legacy_no_strategy,r2,20,0.7750969694219743,0.7618649056550899,0.7896869329624112,0.7753332665167305,0.021704321175558604,0.737076907809281,0.813332648208763
gpt,configuration_only_legacy_no_strategy,rmse,20,0.4484320027388752,0.43873760705510145,0.4560073551406215,0.4499726298177539,0.014984758990621072,0.42689072588384946,0.4779857122305617
gpt,configuration_only_legacy_no_strategy,calib_slope,20,0.9884356561830983,0.9417323846420258,1.0354378526575223,0.9804785632736106,0.06340853637120725,0.863640299408352,1.0548331964710487
gpt,configuration_only_legacy_no_strategy,calib_intercept,20,-0.019437298459924052,-0.3286151015761721,0.12934535130136698,-0.09276275439575293,0.3022729941556505,-0.6656985162578011,0.2859949232276896
gpt,configuration_only_matched_features,r2,20,0.833736403875562,0.8280229159098246,0.8476264843181543,0.834335386742521,0.0176189576900168,0.8007267378299533,0.8649457676301526
gpt,configuration_only_matched_features,rmse,20,0.3836570253785375,0.37808040057110764,0.39222072314863277,0.38623286773384563,0.013246282750570566,0.36560702353911534,0.4105167812276675
gpt,configuration_only_matched_features,calib_slope,20,0.9795704317558371,0.9439626156154337,1.0248103817723353,0.9790085348706186,0.05270320639364025,0.8806466863913734,1.041263421231362
gpt,configuration_only_matched_features,calib_intercept,20,-0.04294660744691275,-0.32789489803292127,0.07958555542395315,-0.10195085254614715,0.2577955417395256,-0.5866248418915917,0.23357785256527872
gpt,eta_predictor,r2,20,0.9123271492328776,0.9042744645120193,0.9181564985129678,0.9109938085291217,0.00884619513787527,0.8963061001027799,0.924335286424758
gpt,eta_predictor,rmse,20,0.2510597856016392,0.24282369425879574,0.26222172879581734,0.25258322823552043,0.013967142290085013,0.23111144000612374,0.27752766427731623
gpt,eta_predictor,calib_slope,20,0.9993072669317956,0.9787696006491613,1.0220025494640126,0.9981247844133773,0.029628875852640884,0.9469215263365874,1.0459647583908784
gpt,eta_predictor,calib_intercept,20,0.0018040582676770774,-0.0113168380568643,0.0133692261666564,0.001087243821912136,0.018613823928002884,-0.029710154229699703,0.034103373892085356
gpt,measured_eta_postrun,r2,20,0.9269447154811208,0.9209409207272876,0.9316131534188039,0.9255663206605297,0.012173097468700855,0.8998203611565252,0.9454302464631337
gpt,measured_eta_postrun,rmse,20,0.25970805877712444,0.24843272138362194,0.26576445440159957,0.25828194646940805,0.015161273080288891,0.23151190972884056,0.2858266434146671
gpt,measured_eta_postrun,calib_slope,20,0.9845128448595286,0.9629522857485713,1.0105634060987274,0.9822348903393767,0.03450100295855273,0.9181274224567738,1.0263169713449913
gpt,measured_eta_postrun,calib_intercept,20,-0.10616784992174025,-0.20244454268483156,0.07357531845334148,-0.08627597062811365,0.16551041134105493,-0.37157796775190605,0.1107716894023078
gpt,predicted_eta_prerun,r2,20,0.8339495091821365,0.827863366817736,0.8473462909295502,0.8343352285452559,0.01757560890395491,0.8006657657420889,0.86473366511725
gpt,predicted_eta_prerun,rmse,20,0.3838277541063181,0.3780237225679445,0.39170617854076273,0.3862389045654571,0.013227011024553209,0.3657531269466765,0.41056491109988974
gpt,predicted_eta_prerun,calib_slope,20,0.9796667290623087,0.9438251918900633,1.025111832466162,0.9793023462833158,0.052909212737541574,0.8806127130507132,1.041141237432782
gpt,predicted_eta_prerun,calib_intercept,20,-0.037006723057996085,-0.32746479276529705,0.0861711490951567,-0.10028421172587165,0.2584302311033429,-0.585924304162278,0.2331540696488845
pooled,configuration_only_legacy_no_strategy,r2,20,0.7739146362483044,0.7585351721529499,0.7825947974419507,0.772256927286324,0.02451281339313721,0.7295473887841596,0.8190905311011957
pooled,configuration_only_legacy_no_strategy,rmse,20,0.44417309501445373,0.433942257608377,0.4501826769663831,0.44100134914274564,0.01681020094497382,0.40851615505170086,0.46901438288539415
pooled,configuration_only_legacy_no_strategy,calib_slope,20,0.9934554741614448,0.9577913190838866,1.0379548966239343,0.9986636563848507,0.05342088625463962,0.9193527742330619,1.083577564541254
pooled,configuration_only_legacy_no_strategy,calib_intercept,20,0.024633359471076133,-0.2620375769875771,0.2146877240385388,-0.014921104079675293,0.28164225254159403,-0.43420085052343316,0.38106529770808206
pooled,configuration_only_matched_features,r2,20,0.8331036973833219,0.8229447880043038,0.8425013361164299,0.8308953351809306,0.018863681168741844,0.7901608921137584,0.861357326395771
pooled,configuration_only_matched_features,rmse,20,0.37929824051209904,0.37627391082123324,0.3877684215665564,0.37996360359443726,0.014025847639943897,0.35209381179172683,0.4047353637059692
pooled,configuration_only_matched_features,calib_slope,20,0.9923785521620881,0.96484400456109,1.0349523215156107,0.9965826984691397,0.047516971898263885,0.9201172548373338,1.072565292980735
pooled,configuration_only_matched_features,calib_intercept,20,0.0021775711251973973,-0.23604854313297113,0.1930403882677984,-0.024702256542916308,0.24882897466932902,-0.39339753028896685,0.32642890918753154
pooled,eta_predictor,r2,20,0.8991471467186385,0.8930701483075419,0.908398075653997,0.8999635569924667,0.00859592186386703,0.8873910085800569,0.9114467274706213
pooled,eta_predictor,rmse,20,0.2720736972003912,0.25780984577092947,0.28090432333338367,0.2710879286943018,0.013125068572726876,0.2522670080254112,0.2903826986484227
pooled,eta_predictor,calib_slope,20,0.9968090831907134,0.9851057824810097,1.0117720310511196,0.9993679697077489,0.020232225794717628,0.969785913601331,1.0370512279754023
pooled,eta_predictor,calib_intercept,20,-0.0053246099709913595,-0.016306821724683108,0.01444235854951935,-0.0022647158970930544,0.01946218009809962,-0.03219316813399712,0.029468794803648585
pooled,measured_eta_postrun,r2,20,0.9223497585465232,0.9147355268918982,0.927274410341885,0.9208083777438734,0.010805265642550474,0.8968686614769428,0.9351191070688241
pooled,measured_eta_postrun,rmse,20,0.2581025135659104,0.24991914304754756,0.27129946168107516,0.25987075281166383,0.013980162655965897,0.23634347475897088,0.2792592777657854
pooled,measured_eta_postrun,calib_slope,20,1.0062625712764115,0.9706450588159787,1.020870794609321,0.9985130784285039,0.03152678827311599,0.9411428655393248,1.0397281991611662
pooled,measured_eta_postrun,calib_intercept,20,0.010493297043002682,-0.14929065705357822,0.11595617796408067,-0.017996179937623803,0.1557509321279278,-0.30202784207355465,0.17909038961275656
pooled,predicted_eta_prerun,r2,20,0.833161800491661,0.8231238314831427,0.8421827205645314,0.830881163869211,0.018659120827744093,0.7902635705926174,0.8606313888371008
pooled,predicted_eta_prerun,rmse,20,0.3795130676152419,0.37619065503397886,0.3877225536710979,0.3799973305898862,0.013751577519315328,0.35295413872313064,0.4046343187085411
pooled,predicted_eta_prerun,calib_slope,20,0.9925049274329598,0.9654958846934242,1.034963999122923,0.9968197484286975,0.04749217519856277,0.9198983185829467,1.0727878940213424
pooled,predicted_eta_prerun,calib_intercept,20,0.001997502426345464,-0.2329783568725269,0.19411455949226933,-0.023458537879217763,0.24829569367388948,-0.3938315800448957,0.32766229705739186
