setting,split,model,n_test,r2,rmse,calib_intercept,calib_slope
bert,0,eta_predictor,37,0.9370903206763239,0.2109818223637303,-0.051606587691185875,0.9524328489272321
bert,0,configuration_only_legacy_no_strategy,37,0.6812917327290637,0.5615092658421448,0.6034990418170784,1.1571306407484616
bert,0,configuration_only_matched_features,37,0.8608560189041387,0.37101586009060983,0.019546800176697493,1.0032283361726972
bert,0,predicted_eta_prerun,37,0.85963511309252,0.37264002702983595,0.01124472295254748,1.001596758436187
bert,0,measured_eta_postrun,37,0.9335673021800849,0.25636055749804276,0.1670261649637925,1.0448550824944913
bert,1,eta_predictor,39,0.9416603254297201,0.22568951470764154,-0.028179454175845487,1.048598377670535
bert,1,configuration_only_legacy_no_strategy,39,0.6739745480973132,0.6136219739163448,0.9270912112994939,1.2138433164027413
bert,1,configuration_only_matched_features,39,0.8811367453180547,0.37050916863472927,0.36395894107969473,1.0653726250054918
bert,1,predicted_eta_prerun,39,0.8777664944589753,0.3757251652682813,0.3451165365334923,1.0598922838791371
bert,1,measured_eta_postrun,39,0.9445673732913508,0.2530217643533429,0.17038088664078924,1.0344972524584195
bert,2,eta_predictor,29,0.9043914620542994,0.2536127137609879,0.04108941097078955,0.9430129344620606
bert,2,configuration_only_legacy_no_strategy,29,0.6360358374609678,0.5804126521358985,-0.09619689455957356,1.04495814719986
bert,2,configuration_only_matched_features,29,0.895907406574687,0.3103969703749737,-0.012557566489895068,1.0378646489366528
bert,2,predicted_eta_prerun,29,0.8931396463280709,0.314496533478103,0.02105442117760847,1.0456422113109434
bert,2,measured_eta_postrun,29,0.9180340484213936,0.275438282585777,0.13358587966205013,1.0483151813283784
bert,3,eta_predictor,45,0.9496777902106126,0.19019655106438982,-0.01017231583483309,0.9773457185357367
bert,3,configuration_only_legacy_no_strategy,45,0.666312239409798,0.582260614916308,0.49723213744352335,1.1137841276192804
bert,3,configuration_only_matched_features,45,0.8778695834441812,0.3522566456263542,0.04908939009892778,1.012287296816317
bert,3,predicted_eta_prerun,45,0.8766063515666567,0.35407370767957547,0.06110385977197616,1.0165119996694667
bert,3,measured_eta_postrun,45,0.9289731428993664,0.2686325130523448,0.08512446599190755,1.0207513013085698
bert,4,eta_predictor,34,0.9310243917763615,0.18907834317892724,0.0028795961926555464,0.9144723682033783
bert,4,configuration_only_legacy_no_strategy,34,0.5010737528336626,0.631845264899313,-1.2527504407700136,0.7208778636508623
bert,4,configuration_only_matched_features,34,0.8681604748198432,0.3247995168337717,-0.46959437391530273,0.8985206450200198
bert,4,predicted_eta_prerun,34,0.8709018395907117,0.321404968647664,-0.44384290324587317,0.9054514776858278
bert,4,measured_eta_postrun,34,0.9254779296164564,0.24419401493415122,-0.11936592390026503,0.964536175426777
bert,5,eta_predictor,34,0.931610873602169,0.21741450090895292,-0.04736446461759477,0.9350398950243409
bert,5,configuration_only_legacy_no_strategy,34,0.7531598821788257,0.5336822721668327,0.3361152716914742,1.0906040437894364
bert,5,configuration_only_matched_features,34,0.8990441771150677,0.3413033811487918,0.09969935199008062,1.010262799179735
bert,5,predicted_eta_prerun,34,0.8986852004549447,0.3419096425019171,0.057483659883835816,0.9989546397685587
bert,5,measured_eta_postrun,34,0.9485985563102316,0.24353566020006898,0.17707175870438424,1.028381107979191
bert,6,eta_predictor,39,0.9608370707306915,0.171564346532987,-0.020056327202181177,1.0086653627367104
bert,6,configuration_only_legacy_no_strategy,39,0.588222836161946,0.6183634335692764,0.22548593526402974,1.051728227848575
bert,6,configuration_only_matched_features,39,0.8620669600943216,0.35788774300354287,0.1429430421784785,1.0364148414943284
bert,6,predicted_eta_prerun,39,0.8615673325546084,0.3585353359995349,0.13129847541797315,1.035819134350657
bert,6,measured_eta_postrun,39,0.9247848019344851,0.2642807147752618,0.13833959349912,1.0428065509563378
bert,7,eta_predictor,36,0.9373745448895207,0.24559469056755068,-0.0376099290467825,1.0693737788989863
bert,7,configuration_only_legacy_no_strategy,36,0.6205024230920675,0.6411892590058652,0.8758308685709458,1.1955354624268013
bert,7,configuration_only_matched_features,36,0.8584250935338512,0.39162902971152685,0.7627637454739336,1.1466518162561068
bert,7,predicted_eta_prerun,36,0.8531187045826368,0.39890086862933044,0.7835458395284581,1.1506992889285081
bert,7,measured_eta_postrun,36,0.9406498696779146,0.253566907143206,0.32171190469181504,1.062345316858952
bert,8,eta_predictor,47,0.9398545496011619,0.22979597403215316,-0.016888869008331912,1.0047128377393821
bert,8,configuration_only_legacy_no_strategy,47,0.5557903095251631,0.6802136581078099,-0.8411833741711905,0.7798103924393481
bert,8,configuration_only_matched_features,47,0.8936821316158536,0.33277789021788284,-0.34528554369566117,0.9066582676974042
bert,8,predicted_eta_prerun,47,0.8967495742722438,0.3279421648223754,-0.28299835248175603,0.9247043864147935
bert,8,measured_eta_postrun,47,0.9534077267656472,0.22029684823371715,-0.20817686642970898,0.9456332814156715
bert,9,eta_predictor,44,0.9465154618420278,0.20513679240775293,-0.013980930081015324,1.0028599524517492
bert,9,configuration_only_legacy_no_strategy,44,0.6110369041366788,0.611761774313262,0.6425306166054712,1.1444190357668829
bert,9,configuration_only_matched_features,44,0.8753576330193087,0.346306769874343,-0.049287310925679284,0.9799072829356865
bert,9,predicted_eta_prerun,44,0.8779017982101555,0.3427541892948471,-0.07898050919034685,0.9753332846388377
bert,9,measured_eta_postrun,44,0.9473478664314863,0.2250795949152013,-0.1010787074143644,0.9736838271945892
bert,10,eta_predictor,41,0.9401620778208755,0.22015225714306672,0.017536605549901656,1.0104682369570068
bert,10,configuration_only_legacy_no_strategy,41,0.6716492480927001,0.5939463933954798,0.4211005999019509,1.1038637598009335
bert,10,configuration_only_matched_features,41,0.9058621605327962,0.3180243365665276,-0.002558973939056589,0.9978399340700035
bert,10,predicted_eta_prerun,41,0.9106260779866845,0.3098729382864758,-0.02595201977860387,0.9919627478616322
bert,10,measured_eta_postrun,41,0.9516821915574227,0.22784098830860308,0.0026917593074285134,0.9971940475091856
bert,11,eta_predictor,35,0.9234639840166976,0.24543012257586638,-0.027840659033252065,0.9880628734965372
bert,11,configuration_only_legacy_no_strategy,35,0.6231510837043899,0.6195116270697265,1.0113436069002117,1.2820639876677842
bert,11,configuration_only_matched_features,35,0.8618114860707461,0.375147277938767,0.48209240789899765,1.1230865502377467
bert,11,predicted_eta_prerun,35,0.8552883781680772,0.38389948697115506,0.49008244597369865,1.1242876573859415
bert,11,measured_eta_postrun,35,0.9218881385592842,0.28204884135842395,0.3037830559025915,1.0836406310735764
bert,12,eta_predictor,41,0.9395282385358048,0.23207787380868217,0.044498866950185595,1.08840702755176
bert,12,configuration_only_legacy_no_strategy,41,0.5950917899497268,0.6150940150763589,1.3489696399090645,1.3406999318803172
bert,12,configuration_only_matched_features,41,0.8949750210864977,0.31326329484560944,0.43386904635614615,1.1113142417020165
bert,12,predicted_eta_prerun,41,0.8841685119086722,0.32898532648241846,0.4109420625542898,1.1043556065033298
bert,12,measured_eta_postrun,41,0.9473594225500488,0.22178058887817145,-0.04390777567164682,0.9997710050995386
bert,13,eta_predictor,44,0.9131184457440492,0.27462729387084556,0.10963941383382246,1.0277738203876223
bert,13,configuration_only_legacy_no_strategy,44,0.5678883802967818,0.6726069310432572,-0.17794054423762104,0.9572863955263662
bert,13,configuration_only_matched_features,44,0.8742881805681921,0.36278675404799615,-0.011462091425229696,0.9878865830392657
bert,13,predicted_eta_prerun,44,0.8678221269305155,0.3719998334548915,0.05093511328301732,1.0025684675850741
bert,13,measured_eta_postrun,44,0.921024773568208,0.2875469766999468,0.10172774720398442,0.9943229060302241
bert,14,eta_predictor,42,0.9210841245960109,0.25093837085630766,0.043501013979967765,1.0180804021944625
bert,14,configuration_only_legacy_no_strategy,42,0.642836374304677,0.6063534127357343,0.7328895401476702,1.215359103611341
bert,14,configuration_only_matched_features,42,0.8999183354203087,0.32097371936472535,0.1019613359036158,1.058739083328267
bert,14,predicted_eta_prerun,42,0.8990466390490612,0.3223685054656353,0.12291783416711681,1.0635997675461497
bert,14,measured_eta_postrun,42,0.9278188011496794,0.27258644782308694,-0.16608609282402834,0.983205653936164
bert,15,eta_predictor,46,0.9582195844256003,0.1807894966726442,-0.014118801275469852,1.0030486936906369
bert,15,configuration_only_legacy_no_strategy,46,0.6094360275360386,0.7038257897953583,-0.25234145987689605,0.8956582988016636
bert,15,configuration_only_matched_features,46,0.9045635201244613,0.34791751504933105,0.2362350903357794,1.0300167751647913
bert,15,predicted_eta_prerun,46,0.9049548317800884,0.3472035112348849,0.31915131425160315,1.0515874950100146
bert,15,measured_eta_postrun,46,0.9488649753619419,0.25467031262914663,0.2251280475712176,1.0356953379137186
bert,16,eta_predictor,34,0.9364700802504129,0.24227079029675794,0.002742570769138307,1.048443432616246
bert,16,configuration_only_legacy_no_strategy,34,0.5550795806622817,0.685508325681599,-0.5513377960361618,0.8265980616805876
bert,16,configuration_only_matched_features,34,0.8698529622593589,0.37075644448039047,0.23589569810307004,1.0075175534935117
bert,16,predicted_eta_prerun,34,0.873612537107164,0.36536215718807197,0.26094698650472775,1.0144634849982284
bert,16,measured_eta_postrun,34,0.9282996935526083,0.2751896340939461,0.1658667893678828,0.9980721957315658
bert,17,eta_predictor,39,0.9367254514902726,0.20757027685394558,-0.046244314213753954,0.9321596213405223
bert,17,configuration_only_legacy_no_strategy,39,0.6071920489505849,0.5514567742094137,0.3245705183944715,1.11912461125856
bert,17,configuration_only_matched_features,39,0.8458386731427867,0.3454689824857809,-0.36083542568124327,0.9439586512005331
bert,17,predicted_eta_prerun,39,0.8446529193874521,0.3467950493511929,-0.3645796336811852,0.9439191713559175
bert,17,measured_eta_postrun,39,0.9177254705155447,0.2523794820364561,0.029996461876025917,1.0422254455380635
bert,18,eta_predictor,40,0.9509743019038259,0.19364199983655492,0.026098498207331636,0.9864012760314586
bert,18,configuration_only_legacy_no_strategy,40,0.5859010232035182,0.5727990260317845,-0.1740326606516628,0.9915515591070043
bert,18,configuration_only_matched_features,40,0.8832517563177769,0.3041412805123722,-0.1491930630637623,0.9932052684505672
bert,18,predicted_eta_prerun,40,0.8780555595764927,0.310835916347869,-0.1742044608430236,0.987505968040215
bert,18,measured_eta_postrun,40,0.9471676437367148,0.20459743381317833,-0.10014283202767531,0.9960099171754853
bert,19,eta_predictor,51,0.9446429550050313,0.19665696580734804,-0.024965944490745202,0.955402429017395
bert,19,configuration_only_legacy_no_strategy,51,0.5923135775402646,0.6348031631538937,-0.5311433411529657,0.8592608864320849
bert,19,configuration_only_matched_features,51,0.9004460917780343,0.31369320765927744,-0.30868496485408825,0.933486618935774
bert,19,predicted_eta_prerun,51,0.9032738383681687,0.3092060160595506,-0.3238407346446246,0.9324447327267502
bert,19,measured_eta_postrun,51,0.9530959889650682,0.21531830373211677,-0.20208151910821878,0.9624915912258869
gpt,0,eta_predictor,173,0.9113031887579779,0.24657206338653997,-0.020330105136603976,0.9709873618539286
gpt,0,configuration_only_legacy_no_strategy,173,0.7399110790982012,0.4665663708968335,0.11251335578052417,1.0333264047424517
gpt,0,configuration_only_matched_features,173,0.8026462142100733,0.4064201549259291,-0.03633131500167229,1.0035262792151147
gpt,0,predicted_eta_prerun,173,0.8029382198158792,0.40611937302216944,-0.02587620822085991,1.0055679347561153
gpt,0,measured_eta_postrun,173,0.9062698386121505,0.28008650772706206,-0.1280446715829235,0.9824087081082082
gpt,1,eta_predictor,168,0.9051087964221556,0.2684552517835641,0.009097961035506153,1.0551506008589246
gpt,1,configuration_only_legacy_no_strategy,168,0.774826851624494,0.4851324869541968,0.1610366004210143,1.0147816881694383
gpt,1,configuration_only_matched_features,168,0.8376446201626429,0.4119413615793059,0.231658671067859,1.0317549280524898
gpt,1,predicted_eta_prerun,168,0.8376187086809876,0.41197423263412525,0.22961728917887764,1.0312620484555135
gpt,1,measured_eta_postrun,168,0.9303682824357953,0.269777429307583,0.07553944810689464,1.0086030233681489
gpt,2,eta_predictor,175,0.9133511097077773,0.25405344249751705,0.03748246681707575,1.026764387164741
gpt,2,configuration_only_legacy_no_strategy,175,0.7610589307886091,0.47008664543075446,-0.2231273444580431,0.9506345103141342
gpt,2,configuration_only_matched_features,175,0.8281668599387343,0.39864468250763124,-0.18152142778501773,0.9582299446377808
gpt,2,predicted_eta_prerun,175,0.82793337459637,0.39891542799165874,-0.1807306923087091,0.9584599294946333
gpt,2,measured_eta_postrun,175,0.9265381163142905,0.26065348884492756,-0.21402368156709997,0.9474912150567123
gpt,3,eta_predictor,176,0.9135832962709716,0.25096918043068217,-0.0009618886274584003,1.0217506845884052
gpt,3,configuration_only_legacy_no_strategy,176,0.8119124626778068,0.4466211211754717,-0.05857087309318935,0.9712273597315662
gpt,3,configuration_only_matched_features,176,0.8664790836455993,0.376299723755725,-0.025666994334307254,0.9803028257689714
gpt,3,predicted_eta_prerun,176,0.8661867290169525,0.3767114675270844,-0.028416266907436857,0.9797236440938911
gpt,3,measured_eta_postrun,176,0.9452562331766485,0.2409498087668465,-0.02458600843523965,0.9866169816108491
gpt,4,eta_predictor,168,0.9143614616798793,0.25101988236176664,0.030368586974990727,1.0227581440908344
gpt,4,configuration_only_legacy_no_strategy,168,0.7876739192448525,0.45211891245426944,-0.17686238029943693,0.9655143683945324
gpt,4,configuration_only_matched_features,168,0.8472557242639979,0.38347183737458934,-0.11346502185928864,0.9770195466380025
gpt,4,predicted_eta_prerun,168,0.8470437402243941,0.3837378431677808,-0.11069554257917807,0.9777011134757688
gpt,4,measured_eta_postrun,168,0.9359946997288902,0.2482326892413236,-0.1253244712543597,0.9712718173198418
gpt,5,eta_predictor,177,0.9031711328066646,0.26563605721312356,0.008170960664268452,0.9854471327333494
gpt,5,configuration_only_legacy_no_strategy,177,0.7594186528214721,0.46852980746252904,0.07255856130031042,1.0351032656508463
gpt,5,configuration_only_matched_features,177,0.8167215281303503,0.4089422450495409,0.04860096093868086,1.0270023387766705
gpt,5,predicted_eta_prerun,177,0.8166632650908862,0.4090072399304716,0.05017028404169324,1.0272995467765904
gpt,5,measured_eta_postrun,177,0.929085795664843,0.2543740862522641,-0.08701122858912079,0.9925203486229722
gpt,6,eta_predictor,172,0.9223654223818188,0.23005877539565328,-0.012098816680573214,0.9695239538986808
gpt,6,configuration_only_legacy_no_strategy,172,0.7771073626866507,0.4383407641840883,-0.3173831073097455,0.9500662445691981
gpt,6,configuration_only_matched_features,172,0.8289169905439673,0.38403202253403323,-0.3307613451321736,0.9484997947585379
gpt,6,predicted_eta_prerun,172,0.8290188659567804,0.38391766504485536,-0.32906501060244725,0.9488106188473573
gpt,6,measured_eta_postrun,172,0.9119933732152488,0.2754366239629727,-0.19858482972407543,0.9756696726429903
gpt,7,eta_predictor,166,0.8938071347457897,0.2857360374859491,0.005874515128969341,1.0189415165997036
gpt,7,configuration_only_legacy_no_strategy,166,0.7491903896409507,0.45113234345275655,0.2800472702640824,1.0574117164873749
gpt,7,configuration_only_matched_features,166,0.8163827990338526,0.3860011149713922,0.235314254872468,1.0446696201954786
gpt,7,predicted_eta_prerun,166,0.8164211974263574,0.38596075220250337,0.23635401388365262,1.044978944301716
gpt,7,measured_eta_postrun,166,0.9339484811642691,0.23151188017770938,0.1119392427504477,1.0164445542904628
gpt,8,eta_predictor,170,0.915608798314058,0.24374944513246743,-0.011056178515627997,0.9718150576331629
gpt,8,configuration_only_legacy_no_strategy,170,0.7768385378096605,0.4373665637867277,0.11878160159481789,1.0364416136775507
gpt,8,configuration_only_matched_features,170,0.8285666421491201,0.3833395646633394,0.07426381153244108,1.0254329618634777
gpt,8,predicted_eta_prerun,170,0.8289941638611549,0.3828612788395098,0.08330925771913424,1.0272826956051857
gpt,8,measured_eta_postrun,170,0.9210737916140723,0.26010374146796306,0.10555005103470047,1.0286149712813366
gpt,9,eta_predictor,172,0.8990681144447165,0.2650066339381314,0.01315120427642068,0.9794388916875603
gpt,9,configuration_only_legacy_no_strategy,172,0.7621335639439168,0.44422507339056233,0.1779961943028969,1.0411780190329045
gpt,9,configuration_only_matched_features,172,0.8275910838230954,0.37819549025434085,0.06871136366395651,1.0170590672544786
gpt,9,predicted_eta_prerun,172,0.8276533434818343,0.37812719782258697,0.07338259509999026,1.0180772097429853
gpt,9,measured_eta_postrun,172,0.9234552457220112,0.2519963217054198,0.06221195060475495,1.0056704778195782
gpt,10,eta_predictor,167,0.9046422417471376,0.258867031509899,-0.02581481399602443,0.9767617275339645
gpt,10,configuration_only_legacy_no_strategy,167,0.7846768037564527,0.4441398109774353,0.019696276173341243,0.9923506227503495
gpt,10,configuration_only_matched_features,167,0.8442506767858297,0.37773513152140803,-0.049561899892153205,0.9788380377427027
gpt,10,predicted_eta_prerun,167,0.844268682228711,0.37771329680401705,-0.045597179208555313,0.9796098140307261
gpt,10,measured_eta_postrun,167,0.9336972915817254,0.24645630281488515,0.021534220368931087,0.9951343612976566
gpt,11,eta_predictor,164,0.9011579639319269,0.26129342708171266,-0.03323450967921543,0.9844222956205606
gpt,11,configuration_only_legacy_no_strategy,164,0.7753670872194545,0.45303519314038776,0.29137613305190574,1.0519832532951092
gpt,11,configuration_only_matched_features,164,0.8334611556509257,0.3900794033622999,0.12158874519875372,1.0227628683426697
gpt,11,predicted_eta_prerun,164,0.8341233633147543,0.3893030953904641,0.12786723540568318,1.0238359623724875
gpt,11,measured_eta_postrun,164,0.9234719877200522,0.26442679609960507,0.09029141249810775,1.0237770766785044
gpt,12,eta_predictor,163,0.9028725662854075,0.25109968884151174,-0.01669560576883807,0.9264717109232649
gpt,12,configuration_only_legacy_no_strategy,163,0.7345126575954961,0.4605337695239355,-0.8070984633086131,0.8324592500393111
gpt,12,configuration_only_matched_features,163,0.7989900687241305,0.4007267449154253,-0.7148947990102202,0.854381887358791
gpt,12,predicted_eta_prerun,163,0.7986097358658024,0.4011056752537424,-0.7145058012881672,0.8542913849544146
gpt,12,measured_eta_postrun,163,0.8939851196490547,0.29102009951297647,-0.4591242530942747,0.9004859447195013
gpt,13,eta_predictor,172,0.920584912855137,0.23948992516787396,0.01402329183736356,0.9987512564447043
gpt,13,configuration_only_legacy_no_strategy,172,0.7677028306125158,0.4502428843022787,-0.5094143642542721,0.8981035645004498
gpt,13,configuration_only_matched_features,172,0.8340116521001983,0.38059554478914476,-0.4448527840236338,0.9109909458442964
gpt,13,predicted_eta_prerun,172,0.8337756550495188,0.380866008120666,-0.4438079126020848,0.9112123803009878
gpt,13,measured_eta_postrun,172,0.9292378716981553,0.24849939876438804,-0.26517595457878473,0.9463638981560861
gpt,14,eta_predictor,177,0.9209348826787234,0.24004644163778072,-0.010272816517729972,0.9998632774188869
gpt,14,configuration_only_legacy_no_strategy,177,0.7965726165679332,0.4388698880121058,-0.38947580704192447,0.9167308048605092
gpt,14,configuration_only_matched_features,177,0.8487387644806237,0.3784381397535444,-0.32722481146487364,0.9303510781861211
gpt,14,predicted_eta_prerun,177,0.8482539430450184,0.3790441381727186,-0.33328644766013915,0.9288689110181811
gpt,14,measured_eta_postrun,177,0.9268462044526097,0.2631779558624185,-0.17291156520243872,0.9681059759791909
gpt,15,eta_predictor,171,0.9076597238252342,0.2571140017729751,-0.0033947321140070327,0.9844032305220025
gpt,15,configuration_only_legacy_no_strategy,171,0.7747414518889042,0.436612245577198,-0.46865149471611905,0.8987820415782507
gpt,15,configuration_only_matched_features,171,0.8357649532517286,0.37281054767303445,-0.4239365291976747,0.9096762011115962
gpt,15,predicted_eta_prerun,171,0.8356516732238322,0.37293909730442765,-0.42355369529191883,0.9097047072624117
gpt,15,measured_eta_postrun,171,0.9205423080669334,0.25931237608628577,-0.274816283952446,0.940239705625607
gpt,16,eta_predictor,181,0.9261175443683698,0.23227491141769635,0.018809185416309,1.0074413826799336
gpt,16,configuration_only_legacy_no_strategy,181,0.8146175779748663,0.4180950652089151,0.0918440609946393,1.0249673226766265
gpt,16,configuration_only_matched_features,181,0.8632510499288694,0.3590895493227123,0.0955507870984894,1.024602855075288
gpt,16,predicted_eta_prerun,181,0.8631276471228421,0.35925153471823495,0.0947568232232241,1.0243882114198208
gpt,16,measured_eta_postrun,181,0.927043226509632,0.2622850731006217,0.07292060856882376,1.0184263284822215
gpt,17,eta_predictor,169,0.9201234347375304,0.23815956605591582,-0.0071628124302613415,1.0000899621121584
gpt,17,configuration_only_legacy_no_strategy,169,0.7641557340066701,0.4544985503461835,-0.36231108437545173,0.9142588130415085
gpt,17,configuration_only_matched_features,169,0.8284098413773808,0.38767342332729116,-0.3299051577370642,0.9239699554839432
gpt,17,predicted_eta_prerun,169,0.8285343037078174,0.38753279903128157,-0.32693138681958034,0.9246227159072709
gpt,17,measured_eta_postrun,169,0.9160124181307135,0.2712235400505656,-0.2745492639963282,0.9376258978506012
gpt,18,eta_predictor,175,0.9065535915163782,0.26809630304266724,0.021218978590866352,1.0358119851367222
gpt,18,configuration_only_legacy_no_strategy,175,0.7985208462606159,0.4454919534692213,0.20534331123804678,1.0397297123442488
gpt,18,configuration_only_matched_features,175,0.8504260855427245,0.38384221338248575,0.20311922359860343,1.037498675007865
gpt,18,predicted_eta_prerun,175,0.850261537399614,0.3840532901678853,0.20071244313118297,1.0368995614197498
gpt,18,measured_eta_postrun,175,0.9455876870556679,0.23151194239061712,0.10948123570173215,1.0199347213231724
gpt,19,eta_predictor,174,0.9175008531047802,0.243966498556982,0.004570005162812555,1.025901128766055
gpt,19,configuration_only_legacy_no_strategy,174,0.7957259741150873,0.4378131466092267,-0.07355353417984255,0.9845206896158469
gpt,19,configuration_only_matched_features,174,0.8490319411065756,0.37637845901374006,-0.13970278345611584,0.9736008860980967
gpt,19,predicted_eta_prerun,174,0.8496264217956072,0.3756366781629595,-0.13938803271179429,0.9734495914305099
gpt,19,measured_eta_postrun,174,0.93091844069783,0.2546028672517251,-0.15083537021957394,0.979292126553895
pooled,0,eta_predictor,202,0.8959932527462029,0.27350544645522007,0.012547751345868219,0.9829285699974918
pooled,0,configuration_only_legacy_no_strategy,202,0.7715442120900545,0.44402292141246336,-0.2822444640113603,0.958593474597696
pooled,0,configuration_only_matched_features,202,0.8340024629747885,0.37849062729124994,-0.2280049559406951,0.9689147321907108
pooled,0,predicted_eta_prerun,202,0.8340505504149615,0.37843580128588056,-0.22483759932011513,0.9696076697672896
pooled,0,measured_eta_postrun,202,0.914962355040205,0.27090057033939613,-0.2104288493471612,0.9673512285458177
pooled,1,eta_predictor,192,0.8957963873271753,0.2762269639348174,-0.03755117483987255,0.9930240478743105
pooled,1,configuration_only_legacy_no_strategy,192,0.7790449267183436,0.4392473834689808,0.15960289223601787,1.020434259659705
pooled,1,configuration_only_matched_features,192,0.8424655946372254,0.37088981153577355,0.12159515110262054,1.0144931137763327
pooled,1,predicted_eta_prerun,192,0.8421954994230894,0.3712076235764586,0.11821413595091114,1.0137380587980451
pooled,1,measured_eta_postrun,192,0.9325649361213929,0.24266105471403748,0.06093392165536254,1.0062585170132314
pooled,2,eta_predictor,203,0.9039286150502115,0.2692066621896377,0.003015493677278803,1.0099494123408113
pooled,2,configuration_only_legacy_no_strategy,203,0.7778213813893357,0.451113588854913,0.3257178226316409,1.0695712366787151
pooled,2,configuration_only_matched_features,203,0.8373746800946694,0.3859480582968187,0.2864169261182316,1.0598975839598719
pooled,2,predicted_eta_prerun,203,0.8374186957577235,0.38589582501199127,0.28684470331971507,1.0599289198580055
pooled,2,measured_eta_postrun,203,0.927148939943743,0.25831683814544654,0.1676100144521149,1.0351991935531872
pooled,3,eta_predictor,195,0.8943970659087284,0.27988632841662464,0.016060662210501713,1.0247448934122318
pooled,3,configuration_only_legacy_no_strategy,195,0.7721505820730068,0.4431705189363921,-0.04305635603948411,0.994496604507184
pooled,3,configuration_only_matched_features,195,0.8336831610147142,0.37862999128171937,-0.0660086773180832,0.9905608659527015
pooled,3,predicted_eta_prerun,195,0.8337205750457498,0.3785874012736719,-0.06453419132427497,0.990776722721936
pooled,3,measured_eta_postrun,195,0.9186997923895759,0.2647236411207747,0.03333396508088966,1.0151480679808376
pooled,4,eta_predictor,202,0.8993564016397136,0.2732904003551312,-0.01663207544932604,1.039171780756541
pooled,4,configuration_only_legacy_no_strategy,202,0.7380497964324262,0.46319708537273097,0.20834454369339445,1.0347058070297197
pooled,4,configuration_only_matched_features,202,0.8140158737204768,0.3902962577959421,0.19025793835401392,1.0356666060665618
pooled,4,predicted_eta_prerun,202,0.8143167632174799,0.38998041476352785,0.19199687211935193,1.0362494199556098
pooled,4,measured_eta_postrun,202,0.9188011255858616,0.25788818898637433,0.05471821288566632,1.0141419575118313
pooled,5,eta_predictor,216,0.9116649339909854,0.25628071335194424,0.03433693636082204,0.9995228836167847
pooled,5,configuration_only_legacy_no_strategy,216,0.7933120780736046,0.4353690423551808,-0.4187388930396095,0.9184912548501826
pooled,5,configuration_only_matched_features,216,0.8426085605540433,0.3799185935313589,-0.4021195281307042,0.9200454420924769
pooled,5,predicted_eta_prerun,216,0.842178460945012,0.3804373363539706,-0.40095174236779896,0.9202532423736658
pooled,5,measured_eta_postrun,216,0.920062246864368,0.27075467473342,-0.3648737449455403,0.9217540986548036
pooled,6,eta_predictor,179,0.8888604976747939,0.28921734264574556,-0.009771247840886276,0.9797996195977615
pooled,6,configuration_only_legacy_no_strategy,179,0.7397046533264076,0.44827962618220596,-0.31509672142934275,0.9427851956372283
pooled,6,configuration_only_matched_features,179,0.7905062456339774,0.4021622841898619,-0.32035214935006034,0.9406433074162506
pooled,6,predicted_eta_prerun,179,0.7905539602467995,0.40211648303819003,-0.31878214298071034,0.9408865016001244
pooled,6,measured_eta_postrun,179,0.9003553421847512,0.27735934883005825,-0.18223062313453506,0.9714665772389841
pooled,7,eta_predictor,208,0.9079404858902376,0.2580791685730075,0.01971899835784362,0.9949377049516147
pooled,7,configuration_only_legacy_no_strategy,208,0.780570953100828,0.42966190336796567,-0.1552604055415036,0.9783496826707548
pooled,7,configuration_only_matched_features,208,0.8301045832061529,0.37806861058305313,-0.15268237766257353,0.9790096880976389
pooled,7,predicted_eta_prerun,208,0.8302995075976675,0.3778516655198189,-0.14847674695289603,0.9798531529453239
pooled,7,measured_eta_postrun,208,0.9140550424469777,0.26889949731756774,-0.0041021268146224955,1.0062666255395916
pooled,8,eta_predictor,209,0.8938257451449795,0.2774777065635261,-0.0040676184325677935,0.9737148905982514
pooled,8,configuration_only_legacy_no_strategy,209,0.75623557736104,0.4443232686164441,-0.13215596704624544,0.9834414800585397
pooled,8,configuration_only_matched_features,209,0.8232504493769406,0.3783494056271286,-0.08189656283983567,0.9941962383714747
pooled,8,predicted_eta_prerun,209,0.8235027050509727,0.3780793204658938,-0.08157012549964608,0.9942331321439836
pooled,8,measured_eta_postrun,209,0.9246372702286784,0.24705418063237494,0.02508872090062786,1.0130521132099384
pooled,9,eta_predictor,198,0.8897755333331372,0.28395830808366085,-0.006581601509414925,1.0228670438059888
pooled,9,configuration_only_legacy_no_strategy,198,0.7519737057526067,0.4742776520635181,0.09232307498163637,0.9924143438157054
pooled,9,configuration_only_matched_features,198,0.8172924525115912,0.4070633880300663,0.070363819568478,0.9897533665087688
pooled,9,predicted_eta_prerun,198,0.8174280026520522,0.40691236050552543,0.0685291961769659,0.9893797825404332
pooled,9,measured_eta_postrun,198,0.9136821491673179,0.2797912369222682,-0.04704179566426365,0.9681805035469627
pooled,10,eta_predictor,194,0.9073049035568131,0.2576970186410153,-0.012312845318062971,0.9862658954429536
pooled,10,configuration_only_legacy_no_strategy,194,0.7756786904236019,0.43825736656288694,0.17235811834519407,1.0359492079693935
pooled,10,configuration_only_matched_features,194,0.8325242337519295,0.3786778874928392,0.08497460012749915,1.016383438913541
pooled,10,predicted_eta_prerun,194,0.8326030259375721,0.3785887988765132,0.08654427651867189,1.016608485080305
pooled,10,measured_eta_postrun,194,0.9132773025383991,0.2724961357061123,0.11787590934978168,1.0241756479442488
pooled,11,eta_predictor,180,0.8908033577952295,0.289060304917034,-0.02627116072224006,0.998680461429812
pooled,11,configuration_only_legacy_no_strategy,180,0.768201349472305,0.4469855494248362,0.30864148877928926,1.0640982608459835
pooled,11,configuration_only_matched_features,180,0.831287769876158,0.3813390800423163,0.2504321586795948,1.049226025799556
pooled,11,predicted_eta_prerun,180,0.8316246211442282,0.38095819854118396,0.25442721439873484,1.0501710456729731
pooled,11,measured_eta_postrun,180,0.9270342770677871,0.2507826436944298,0.1284209451001827,1.0270134971348295
pooled,12,eta_predictor,189,0.9112055518428505,0.25229477137134704,-0.0174596243125149,0.9662311248898316
pooled,12,configuration_only_legacy_no_strategy,189,0.7218547342452517,0.45080650806593897,-0.448190240627845,0.9203049798667707
pooled,12,configuration_only_matched_features,189,0.7898484294049889,0.39185073074995447,-0.3492623439403123,0.9401588637950427
pooled,12,predicted_eta_prerun,189,0.7900008370959766,0.3917086145224059,-0.343924301862061,0.9412939575287083
pooled,12,measured_eta_postrun,189,0.8937140455984495,0.2786713229086202,-0.23256658100451785,0.9625725552537955
pooled,13,eta_predictor,207,0.91057630660079,0.2522418888076597,0.02007718350617175,0.9781429165035097
pooled,13,configuration_only_legacy_no_strategy,207,0.7886663304653186,0.41011905417668193,-0.22497823739139278,0.9658096020037613
pooled,13,configuration_only_matched_features,207,0.8466180400220417,0.34939182692750154,-0.20402412888795363,0.9717077573150276
pooled,13,predicted_eta_prerun,207,0.8461696800389737,0.34990211835935314,-0.2012787494891397,0.9722455802883019
pooled,13,measured_eta_postrun,207,0.9331700336339817,0.2306275690853392,-0.02543399450031719,1.003958328151313
pooled,14,eta_predictor,212,0.9097792289148668,0.25784745481423416,-0.016198403816468795,0.9991529002914864
pooled,14,configuration_only_legacy_no_strategy,212,0.829026002920604,0.4070659129862418,-0.38829707529943064,0.9216599560919571
pooled,14,configuration_only_matched_features,212,0.8699071157763464,0.35508021611534424,-0.3837574274112571,0.9201966268184915
pooled,14,predicted_eta_prerun,212,0.868991616301746,0.35632742438835835,-0.38596192695116055,0.9195771970580104
pooled,14,measured_eta_postrun,212,0.936882554462253,0.2473286411069008,-0.18881589946992616,0.9650704813200718
pooled,15,eta_predictor,210,0.8906161196845467,0.2858792781655085,0.013902923995858563,1.0114272459822409
pooled,15,configuration_only_legacy_no_strategy,210,0.7593017037502531,0.44997473326653115,0.43114158468200536,1.0962499564168844
pooled,15,configuration_only_matched_features,210,0.8220278038863936,0.3869258094900945,0.3626302272026126,1.0840265535234208
pooled,15,predicted_eta_prerun,210,0.8219872107796529,0.3869699333069546,0.36459250091529016,1.0844222039786473
pooled,15,measured_eta_postrun,210,0.9251629198929938,0.2509054167503961,0.1822087718852389,1.0438258709017185
pooled,16,eta_predictor,205,0.9097708449452753,0.25651412378373295,0.02408821729308848,0.9858315199755155
pooled,16,configuration_only_legacy_no_strategy,205,0.8081092201429023,0.4143843132912455,-0.2553019479796494,0.9553848525424585
pooled,16,configuration_only_matched_features,205,0.8519075591856614,0.3640346291040357,-0.2601793047097993,0.9526318216722277
pooled,16,predicted_eta_prerun,205,0.8513911374288087,0.36466879987736767,-0.2574006295297622,0.9531605294718277
pooled,16,measured_eta_postrun,205,0.931959142573191,0.24675226144601883,-0.13831066835992595,0.9731002771610346
pooled,17,eta_predictor,186,0.8860614708276758,0.29143706836513056,-0.0020079046129507813,1.0128063862577559
pooled,17,configuration_only_legacy_no_strategy,186,0.7650302028720347,0.4528642328987757,0.25943573158390826,1.0471068905421548
pooled,17,configuration_only_matched_features,186,0.8247140230822523,0.3911430224448553,0.24214040938209133,1.0434162864871022
pooled,17,predicted_eta_prerun,186,0.8248391053856985,0.3910034396832751,0.24112174539630776,1.0432062173331083
pooled,17,measured_eta_postrun,186,0.9254255473358607,0.25512736164710603,0.17564375657474976,1.0317949001932827
pooled,18,eta_predictor,182,0.9026765451775598,0.2708006304054069,-0.02591205823636966,0.9934526373180453
pooled,18,configuration_only_legacy_no_strategy,182,0.7901931087470087,0.42754183881169433,0.23371726507397184,1.0439719625875565
pooled,18,configuration_only_matched_features,182,0.8444840002748772,0.36809192025505966,0.2013877380091519,1.0347142266652938
pooled,18,predicted_eta_prerun,182,0.8444016285772467,0.3681893904270958,0.20046762161102155,1.0345355255120272
pooled,18,measured_eta_postrun,182,0.9276508215363108,0.2510646385414619,0.11531626750218033,1.0197691768310118
pooled,19,eta_predictor,191,0.8989378917975633,0.27085699404565117,-0.014276769598619522,1.0347074591120384
pooled,19,configuration_only_legacy_no_strategy,191,0.7786693363695449,0.4493644827392853,0.17361570480529936,1.029454119324663
pooled,19,configuration_only_matched_features,191,0.8392836646333818,0.3829199211037711,0.14404335678865454,1.0260114239603009
pooled,19,predicted_eta_prerun,191,0.839949694342805,0.38212566202028675,0.14580913228623973,1.026267623945624
pooled,19,measured_eta_postrun,191,0.9169217102653693,0.27530983360517297,-0.027269800898460702,1.0001619508835844
