setting,gpu_model,split,n_test,r2,rmse,calib_intercept,calib_slope
bert,NVIDIA GeForce RTX 2080 Ti,0,37,0.941389863834482,0.22828312860923738,-0.10879439636807955,0.9912881982725357
bert,NVIDIA GeForce RTX 2080 Ti,1,31,0.936874392182496,0.25542275636467354,0.24231846767606535,1.061085854611173
bert,NVIDIA GeForce RTX 2080 Ti,2,32,0.942464218089601,0.2392539875782108,0.04519712354200023,1.0060251090342611
bert,NVIDIA GeForce RTX 2080 Ti,3,33,0.9214183848157533,0.28248003920050724,-0.009772514036458698,1.0032193316177136
bert,NVIDIA GeForce RTX 2080 Ti,4,37,0.9385354646210989,0.23380872232670627,-0.34746145324175726,0.9354115348579515
bert,NVIDIA GeForce RTX 2080 Ti,5,37,0.9258419033422363,0.268116723465641,-0.18743910142752865,0.9404360940974816
bert,NVIDIA GeForce RTX 2080 Ti,6,42,0.9343982648113538,0.25073794822378204,0.023632183190334867,0.9993823450888804
bert,NVIDIA GeForce RTX 2080 Ti,7,23,0.9203179242718924,0.2332911780061365,0.1147590057095834,0.9916339167888482
bert,NVIDIA GeForce RTX 2080 Ti,8,34,0.9410556569166303,0.25447894224253054,-0.013365539961267705,0.9808992727978638
bert,NVIDIA GeForce RTX 2080 Ti,9,33,0.9405283082452419,0.2569956559103933,0.2380770246725021,1.0485714818025318
bert,NVIDIA GeForce RTX 2080 Ti,10,49,0.9353612864881815,0.2526360333720484,-0.27007240286345835,0.936107863307909
bert,NVIDIA GeForce RTX 2080 Ti,11,33,0.8980984807105952,0.3283537124495394,-0.11357739823245673,0.9651991770654322
bert,NVIDIA GeForce RTX 2080 Ti,12,33,0.9253079503879266,0.2570764098947162,0.14012371976814086,1.0281929526463591
bert,NVIDIA GeForce RTX 2080 Ti,13,32,0.9004647479250574,0.31946116129445945,-0.0019249941871844825,0.9540701005451768
bert,NVIDIA GeForce RTX 2080 Ti,14,38,0.9466790057372683,0.22517343554365266,-0.13573231912763617,0.9657581764672637
bert,NVIDIA GeForce RTX 2080 Ti,15,44,0.958254535100417,0.22656900618162445,-0.10450471584314552,0.9576252884512727
bert,NVIDIA GeForce RTX 2080 Ti,16,29,0.9220699903971297,0.2798692594431458,0.38263960538381714,1.0525134990320923
bert,NVIDIA GeForce RTX 2080 Ti,17,36,0.918409495775723,0.2606118821231246,-0.18654545417738905,0.945440064349157
bert,NVIDIA GeForce RTX 2080 Ti,18,40,0.9272591409950204,0.2599182387171848,-0.08278610604603306,0.9810456518529513
bert,NVIDIA GeForce RTX 2080 Ti,19,39,0.964239252611471,0.2062510269322655,0.06361957624936934,0.9990226031736482
gpt,NVIDIA A100-SXM4-40GB,0,92,0.9625852242138234,0.16239323002129075,0.44502779096981776,1.0946200566536344
gpt,NVIDIA A100-SXM4-40GB,1,92,0.9580625051754157,0.1787969272066987,-0.10355776646388166,0.9745228946309801
gpt,NVIDIA A100-SXM4-40GB,2,92,0.9663839021230572,0.1534311716933294,-0.00803289265437583,1.0041939951757144
gpt,NVIDIA A100-SXM4-40GB,3,92,0.9537974614300005,0.19287368399520122,0.11640742781642562,1.018679230950254
gpt,NVIDIA A100-SXM4-40GB,4,92,0.9520105515615913,0.1972478953633261,0.5559837797561267,1.1077198902429868
gpt,NVIDIA A100-SXM4-40GB,5,92,0.9493973119155195,0.1873733395650035,-0.5781081063044795,0.878021310475122
gpt,NVIDIA A100-SXM4-40GB,6,92,0.9731010803368191,0.12942040885162745,0.06876601073830163,1.0238039201339553
gpt,NVIDIA A100-SXM4-40GB,7,92,0.9607216422231156,0.16466571744399047,0.08261623599121484,1.0248264028067984
gpt,NVIDIA A100-SXM4-40GB,8,92,0.9634776494668537,0.16757165920203437,0.00962896681718463,0.9982243858409028
gpt,NVIDIA A100-SXM4-40GB,9,92,0.9620919779270772,0.16093795105558342,0.03595881187731669,1.0170093316680486
gpt,NVIDIA A100-SXM4-40GB,10,92,0.9603357814849305,0.1661384977783111,-0.24918805830775376,0.9562343581974541
gpt,NVIDIA A100-SXM4-40GB,11,92,0.9544086849361286,0.1943832348471946,0.19482507610193428,1.0385192962609344
gpt,NVIDIA A100-SXM4-40GB,12,92,0.9481962522981693,0.2144783781893543,-0.2214070422772518,0.9412106746581655
gpt,NVIDIA A100-SXM4-40GB,13,92,0.963674810919966,0.16215261169327547,-0.03698161021893223,0.9944838951668552
gpt,NVIDIA A100-SXM4-40GB,14,92,0.967569730445582,0.17094180170095877,-0.028209482568923624,0.9844643191350042
gpt,NVIDIA A100-SXM4-40GB,15,92,0.9722520102921539,0.14046628387386006,0.16989392275995005,1.032955019127603
gpt,NVIDIA A100-SXM4-40GB,16,92,0.9563943324875852,0.19445772153349292,-0.38329202892222297,0.9118150994437353
gpt,NVIDIA A100-SXM4-40GB,17,92,0.9526067542991538,0.17395064934619864,0.43188979524097876,1.1005777239210708
gpt,NVIDIA A100-SXM4-40GB,18,92,0.957547424695591,0.17449927457862927,-0.41877334116838605,0.9093129036286361
gpt,NVIDIA A100-SXM4-40GB,19,92,0.9535478036884968,0.20431400357401144,-0.10690592997920552,0.9661054445409324
gpt,NVIDIA GeForce RTX 2080 Ti,0,65,0.9812772905085034,0.1553284777240216,-0.009476049056507454,0.9923881507494035
gpt,NVIDIA GeForce RTX 2080 Ti,1,61,0.9781015915949086,0.15905968582874985,-0.2037274374565101,0.9554700523934961
gpt,NVIDIA GeForce RTX 2080 Ti,2,61,0.9810530079223115,0.1441038279905416,0.06872309529162256,1.0150600112404138
gpt,NVIDIA GeForce RTX 2080 Ti,3,71,0.9801650036587569,0.13684227951482117,0.003740739939556517,1.008990881598216
gpt,NVIDIA GeForce RTX 2080 Ti,4,65,0.9744535449069657,0.17654759371608394,-0.20522811288010995,0.9422682779214336
gpt,NVIDIA GeForce RTX 2080 Ti,5,65,0.9819722378458614,0.12982641123801125,0.015473143513390426,1.0074110975225992
gpt,NVIDIA GeForce RTX 2080 Ti,6,73,0.9837717827435577,0.13403260473223275,-0.07563079477641217,0.9831610081119689
gpt,NVIDIA GeForce RTX 2080 Ti,7,63,0.9801633984118746,0.15392032900375913,-0.015454125370596173,0.9978857947987135
gpt,NVIDIA GeForce RTX 2080 Ti,8,67,0.9851185121426513,0.1225800290414135,0.11168939883070186,1.030724157808951
gpt,NVIDIA GeForce RTX 2080 Ti,9,69,0.9800147729822878,0.14871111435699919,-0.07295160050646687,0.9765087473999091
gpt,NVIDIA GeForce RTX 2080 Ti,10,65,0.9776952202778503,0.1397191914503092,-0.05576398226533922,1.0039316528470923
gpt,NVIDIA GeForce RTX 2080 Ti,11,59,0.9752324174760569,0.17572406365319307,-0.04875210850658365,0.9846471564991718
gpt,NVIDIA GeForce RTX 2080 Ti,12,59,0.9734078661772843,0.16988534323080692,-0.06350210844807702,0.984579061026598
gpt,NVIDIA GeForce RTX 2080 Ti,13,63,0.9831903017082976,0.14160260093165403,0.15594562493755343,1.030639265887961
gpt,NVIDIA GeForce RTX 2080 Ti,14,65,0.9811429460791408,0.13982445436786603,-0.0014708215991938878,1.000805923437945
gpt,NVIDIA GeForce RTX 2080 Ti,15,57,0.9828262577874196,0.13917282800535297,0.02355188927690699,0.9952912840719013
gpt,NVIDIA GeForce RTX 2080 Ti,16,67,0.9804303592591339,0.14731977920967232,-0.06175192514560887,0.9836429945684476
gpt,NVIDIA GeForce RTX 2080 Ti,17,69,0.9750851469201425,0.17310586885499227,-0.1769769873001898,0.9541732747559082
gpt,NVIDIA GeForce RTX 2080 Ti,18,67,0.9914158894007992,0.0910661225461402,0.04453291563743508,1.006834963655837
gpt,NVIDIA GeForce RTX 2080 Ti,19,63,0.9799299433797306,0.1445525773757166,0.17107379865316924,1.0360201316750637
gpt,Tesla T4,0,16,0.8762345619257651,0.3263233609221594,-0.8191693890381722,0.7969452645137451
gpt,Tesla T4,1,18,0.929554157436925,0.21674272646393103,-0.5189876803690533,0.8667604172620148
gpt,Tesla T4,2,17,0.9538298144825957,0.16487202672298054,0.24747681743206276,1.0808244614001865
gpt,Tesla T4,3,18,0.9504951386868463,0.18422394088452446,0.7633082318299977,1.1789343393804028
gpt,Tesla T4,4,19,0.9017887174289378,0.28005490241612313,-0.5795714099994245,0.8383334930097862
gpt,Tesla T4,5,17,0.9116579986807067,0.32833488880706374,-0.5176456934992606,0.8421514319965229
gpt,Tesla T4,6,16,0.9610553816405102,0.17359709236022106,0.5812189965318781,1.1434666239695592
gpt,Tesla T4,7,14,0.9671191317160728,0.15376175163727956,-0.09798430222619402,0.9946455798887789
gpt,Tesla T4,8,18,0.9697579020289971,0.1501599174085236,0.21130784766389754,1.0389282632678993
gpt,Tesla T4,9,14,0.9714537065064746,0.14118767237261912,0.15894779866070682,1.0541778683778664
gpt,Tesla T4,10,18,0.9606730709129051,0.16220851801315675,-0.21211810805561526,0.9784468283164485
gpt,Tesla T4,11,17,0.9578678105396172,0.18906616967684886,0.5603083686079295,1.1213726221044715
gpt,Tesla T4,12,19,0.8527632868044044,0.3161356385480178,-0.8853323236372599,0.7800196316986613
gpt,Tesla T4,13,18,0.9098054640389814,0.29251813687564404,-0.5485511489833066,0.85187649199836
gpt,Tesla T4,14,14,0.9473176250106733,0.19548547473280467,0.764743331895722,1.185833727375225
gpt,Tesla T4,15,14,0.9358945701847909,0.1702360866815464,0.5113154513516921,1.1132560080605085
gpt,Tesla T4,16,18,0.9584541884737597,0.17159136789264165,0.2576115518735911,1.084933340223716
gpt,Tesla T4,17,17,0.9404426544375486,0.1560694305305856,0.051239972578273466,1.035218302977755
gpt,Tesla T4,18,17,0.8856936607483353,0.2100720770654116,-0.36834149528246773,0.9542827717323473
gpt,Tesla T4,19,17,0.9511490048876721,0.18131566870417984,0.5844181373005289,1.1442055921471022
pooled,NVIDIA A100-SXM4-40GB,0,92,0.9625852242138234,0.16239323002129075,0.44502779096981776,1.0946200566536344
pooled,NVIDIA A100-SXM4-40GB,1,92,0.9580625051754157,0.1787969272066987,-0.10355776646388166,0.9745228946309801
pooled,NVIDIA A100-SXM4-40GB,2,92,0.9663839021230572,0.1534311716933294,-0.00803289265437583,1.0041939951757144
pooled,NVIDIA A100-SXM4-40GB,3,92,0.9537974614300005,0.19287368399520122,0.11640742781642562,1.018679230950254
pooled,NVIDIA A100-SXM4-40GB,4,92,0.9520105515615913,0.1972478953633261,0.5559837797561267,1.1077198902429868
pooled,NVIDIA A100-SXM4-40GB,5,92,0.9493973119155195,0.1873733395650035,-0.5781081063044795,0.878021310475122
pooled,NVIDIA A100-SXM4-40GB,6,92,0.9731010803368191,0.12942040885162745,0.06876601073830163,1.0238039201339553
pooled,NVIDIA A100-SXM4-40GB,7,92,0.9607216422231156,0.16466571744399047,0.08261623599121484,1.0248264028067984
pooled,NVIDIA A100-SXM4-40GB,8,92,0.9634776494668537,0.16757165920203437,0.00962896681718463,0.9982243858409028
pooled,NVIDIA A100-SXM4-40GB,9,92,0.9620919779270772,0.16093795105558342,0.03595881187731669,1.0170093316680486
pooled,NVIDIA A100-SXM4-40GB,10,92,0.9603357814849305,0.1661384977783111,-0.24918805830775376,0.9562343581974541
pooled,NVIDIA A100-SXM4-40GB,11,92,0.9544086849361286,0.1943832348471946,0.19482507610193428,1.0385192962609344
pooled,NVIDIA A100-SXM4-40GB,12,92,0.9481962522981693,0.2144783781893543,-0.2214070422772518,0.9412106746581655
pooled,NVIDIA A100-SXM4-40GB,13,92,0.963674810919966,0.16215261169327547,-0.03698161021893223,0.9944838951668552
pooled,NVIDIA A100-SXM4-40GB,14,92,0.967569730445582,0.17094180170095877,-0.028209482568923624,0.9844643191350042
pooled,NVIDIA A100-SXM4-40GB,15,92,0.9722520102921539,0.14046628387386006,0.16989392275995005,1.032955019127603
pooled,NVIDIA A100-SXM4-40GB,16,92,0.9563943324875852,0.19445772153349292,-0.38329202892222297,0.9118150994437353
pooled,NVIDIA A100-SXM4-40GB,17,92,0.9526067542991538,0.17395064934619864,0.43188979524097876,1.1005777239210708
pooled,NVIDIA A100-SXM4-40GB,18,92,0.957547424695591,0.17449927457862927,-0.41877334116838605,0.9093129036286361
pooled,NVIDIA A100-SXM4-40GB,19,92,0.9535478036884968,0.20431400357401144,-0.10690592997920552,0.9661054445409324
pooled,NVIDIA GeForce RTX 2080 Ti,0,100,0.952132014515655,0.21127827150381848,0.05522256710794673,1.0143840538349274
pooled,NVIDIA GeForce RTX 2080 Ti,1,84,0.9571442736904519,0.19922477144481174,0.17461695140954686,1.0385398735656586
pooled,NVIDIA GeForce RTX 2080 Ti,2,101,0.9629130083468543,0.18549940939646292,-0.0014374909821102567,1.0004048921665727
pooled,NVIDIA GeForce RTX 2080 Ti,3,89,0.9615446395614944,0.1929672518179145,-0.007755748551170358,1.0006622038108144
pooled,NVIDIA GeForce RTX 2080 Ti,4,79,0.9465750556412452,0.22348995365144245,0.2233885405579881,1.042359420349986
pooled,NVIDIA GeForce RTX 2080 Ti,5,95,0.9625960851985207,0.18418351884171763,-0.1031280832525486,0.9929620649436444
pooled,NVIDIA GeForce RTX 2080 Ti,6,87,0.9635962646851138,0.19107533257064374,0.24805405442405865,1.0456473485669349
pooled,NVIDIA GeForce RTX 2080 Ti,7,90,0.9595512371512809,0.19726950508096872,0.00497332460764977,1.006528173545171
pooled,NVIDIA GeForce RTX 2080 Ti,8,95,0.9576042405028458,0.205050459500698,0.2727933735344038,1.0617596199877688
pooled,NVIDIA GeForce RTX 2080 Ti,9,88,0.9590008637327825,0.20654293992119233,0.22707411208683875,1.0497012794747165
pooled,NVIDIA GeForce RTX 2080 Ti,10,77,0.9500664667261386,0.2150718300839696,0.07344705950348687,1.0098460441774766
pooled,NVIDIA GeForce RTX 2080 Ti,11,86,0.9550600064474416,0.20635365421172266,-0.0020278762552973168,1.0092378837535847
pooled,NVIDIA GeForce RTX 2080 Ti,12,87,0.9567840311070941,0.2087095483467288,-0.12973151404433575,0.9716234550652546
pooled,NVIDIA GeForce RTX 2080 Ti,13,90,0.953300603984377,0.21736456648265495,-0.09250920631636816,0.9745607878586813
pooled,NVIDIA GeForce RTX 2080 Ti,14,79,0.9486790700283858,0.21059759864750044,0.09013403796546791,1.0248243301784812
pooled,NVIDIA GeForce RTX 2080 Ti,15,83,0.9623943050625701,0.19115420836111013,0.12884966666009115,1.0242856958477977
pooled,NVIDIA GeForce RTX 2080 Ti,16,84,0.951794062809446,0.2002832080109548,0.1940773295378137,1.040802258453018
pooled,NVIDIA GeForce RTX 2080 Ti,17,87,0.9539515347126161,0.21597914882531868,-0.2123381793836251,0.9501123380422645
pooled,NVIDIA GeForce RTX 2080 Ti,18,91,0.9443621308812724,0.22260409620228014,0.13090114230715214,1.0339871916432288
pooled,NVIDIA GeForce RTX 2080 Ti,19,85,0.9560661148963403,0.19632912669789987,-0.2200705037026179,0.9529736749411548
pooled,Tesla T4,0,16,0.8762345619257651,0.3263233609221594,-0.8191693890381722,0.7969452645137451
pooled,Tesla T4,1,18,0.929554157436925,0.21674272646393103,-0.5189876803690533,0.8667604172620148
pooled,Tesla T4,2,17,0.9538298144825957,0.16487202672298054,0.24747681743206276,1.0808244614001865
pooled,Tesla T4,3,18,0.9504951386868463,0.18422394088452446,0.7633082318299977,1.1789343393804028
pooled,Tesla T4,4,19,0.9017887174289378,0.28005490241612313,-0.5795714099994245,0.8383334930097862
pooled,Tesla T4,5,17,0.9116579986807067,0.32833488880706374,-0.5176456934992606,0.8421514319965229
pooled,Tesla T4,6,16,0.9610553816405102,0.17359709236022106,0.5812189965318781,1.1434666239695592
pooled,Tesla T4,7,14,0.9671191317160728,0.15376175163727956,-0.09798430222619402,0.9946455798887789
pooled,Tesla T4,8,18,0.9697579020289971,0.1501599174085236,0.21130784766389754,1.0389282632678993
pooled,Tesla T4,9,14,0.9714537065064746,0.14118767237261912,0.15894779866070682,1.0541778683778664
pooled,Tesla T4,10,18,0.9606730709129051,0.16220851801315675,-0.21211810805561526,0.9784468283164485
pooled,Tesla T4,11,17,0.9578678105396172,0.18906616967684886,0.5603083686079295,1.1213726221044715
pooled,Tesla T4,12,19,0.8527632868044044,0.3161356385480178,-0.8853323236372599,0.7800196316986613
pooled,Tesla T4,13,18,0.9098054640389814,0.29251813687564404,-0.5485511489833066,0.85187649199836
pooled,Tesla T4,14,14,0.9473176250106733,0.19548547473280467,0.764743331895722,1.185833727375225
pooled,Tesla T4,15,14,0.9358945701847909,0.1702360866815464,0.5113154513516921,1.1132560080605085
pooled,Tesla T4,16,18,0.9584541884737597,0.17159136789264165,0.2576115518735911,1.084933340223716
pooled,Tesla T4,17,17,0.9404426544375486,0.1560694305305856,0.051239972578273466,1.035218302977755
pooled,Tesla T4,18,17,0.8856936607483353,0.2100720770654116,-0.36834149528246773,0.9542827717323473
pooled,Tesla T4,19,17,0.9511490048876721,0.18131566870417984,0.5844181373005289,1.1442055921471022
